context,scale,filename,kind,chain,chain_step,attributes,concepts,width,height,incomparable_pairs,drawable,description,note
instruments,excitation,contexts/instruments/excitation.cxt,facet,,,13,21,13,5,154,True,How the sound is set going.,
instruments,capability,contexts/instruments/capability.cxt,facet,,,5,13,4,6,24,True,What the instrument can play.,
instruments,practice,contexts/instruments/practice.cxt,facet,,,7,46,16,8,695,True,"Where and how it is played, including posture and mobility.",
instruments,making,contexts/instruments/making.cxt,facet,,,7,17,6,6,73,True,"What it is made of, where it came from, whether it needs power.",
instruments,family-excitation,contexts/instruments/family-excitation.cxt,chain,hornbostel-sachs,1,19,27,15,6,260,True,Each family split by how it is excited.,
instruments,family-excitation-mechanism,contexts/instruments/family-excitation-mechanism.cxt,chain,hornbostel-sachs,2,30,33,17,6,409,True,Those branches split again by the pitch mechanism they use.,"low-ratio transition from family-excitation: 27 to 33 concepts, ratio 1.22"
instruments,playing-mechanism,contexts/instruments/playing-mechanism.cxt,apposition,,,19,35,16,6,465,True,The mechanics of playing: how sound starts and how pitch is chosen.,
instruments,family-making,contexts/instruments/family-making.cxt,apposition,,,11,39,14,6,535,True,"Which families are built from which materials, which is where the woodwind and brass distinction actually lives.",
instruments,family-practice,contexts/instruments/family-practice.cxt,apposition,,,11,107,35,9,4668,True,Which families populate which ensembles.,
instruments,capability-practice-making,contexts/instruments/capability-practice-making.cxt,apposition,,,19,319,81,12,44818,True,"The instrument as a musician meets it, setting aside how the sound is produced: what it can play, where it is played and what it is made of.",
instruments,instruments,contexts/instruments/instruments.cxt,full,,,42,576,138,14,153192,True,"The data themselves, the identity scale-measure (id, K).",
