scale_a,scale_b,nested,ext_a,ext_b,shared,ratio,thin,usable
excitation,capability,False,21,13,2,0.619,True,False
excitation,practice,False,21,46,2,2.19,True,False
excitation,making,False,21,17,2,0.81,True,False
excitation,family-excitation,False,21,27,19,1.286,False,False
excitation,family-excitation-mechanism,False,21,33,19,1.571,False,False
excitation,playing-mechanism,True,21,35,21,1.667,False,True
excitation,family-making,False,21,39,3,1.857,True,False
excitation,family-practice,False,21,107,4,5.095,True,False
excitation,capability-practice-making,False,21,319,6,15.19,True,False
excitation,instruments,True,21,576,21,27.429,False,True
capability,excitation,False,13,21,2,1.615,True,False
capability,practice,False,13,46,2,3.538,True,False
capability,making,False,13,17,2,1.308,True,False
capability,family-excitation,False,13,27,2,2.077,True,False
capability,family-excitation-mechanism,False,13,33,2,2.538,True,False
capability,playing-mechanism,False,13,35,2,2.692,True,False
capability,family-making,False,13,39,2,3.0,True,False
capability,family-practice,False,13,107,2,8.231,True,False
capability,capability-practice-making,True,13,319,13,24.538,False,True
capability,instruments,True,13,576,13,44.308,False,True
practice,excitation,False,46,21,2,0.457,True,False
practice,capability,False,46,13,2,0.283,True,False
practice,making,False,46,17,2,0.37,True,False
practice,family-excitation,False,46,27,2,0.587,True,False
practice,family-excitation-mechanism,False,46,33,2,0.717,True,False
practice,playing-mechanism,False,46,35,2,0.761,True,False
practice,family-making,False,46,39,2,0.848,True,False
practice,family-practice,True,46,107,46,2.326,False,True
practice,capability-practice-making,True,46,319,46,6.935,False,True
practice,instruments,True,46,576,46,12.522,False,True
making,excitation,False,17,21,2,1.235,True,False
making,capability,False,17,13,2,0.765,True,False
making,practice,False,17,46,2,2.706,True,False
making,family-excitation,False,17,27,2,1.588,True,False
making,family-excitation-mechanism,False,17,33,2,1.941,True,False
making,playing-mechanism,False,17,35,2,2.059,True,False
making,family-making,True,17,39,17,2.294,False,True
making,family-practice,False,17,107,3,6.294,True,False
making,capability-practice-making,True,17,319,17,18.765,False,True
making,instruments,True,17,576,17,33.882,False,True
family-excitation,excitation,False,27,21,19,0.778,False,False
family-excitation,capability,False,27,13,2,0.481,True,False
family-excitation,practice,False,27,46,2,1.704,True,False
family-excitation,making,False,27,17,2,0.63,True,False
family-excitation,family-excitation-mechanism,True,27,33,27,1.222,False,True
family-excitation,playing-mechanism,False,27,35,19,1.296,False,False
family-excitation,family-making,False,27,39,7,1.444,True,False
family-excitation,family-practice,False,27,107,8,3.963,False,False
family-excitation,capability-practice-making,False,27,319,6,11.815,True,False
family-excitation,instruments,True,27,576,27,21.333,False,True
family-excitation-mechanism,excitation,False,33,21,19,0.636,False,False
family-excitation-mechanism,capability,False,33,13,2,0.394,True,False
family-excitation-mechanism,practice,False,33,46,2,1.394,True,False
family-excitation-mechanism,making,False,33,17,2,0.515,True,False
family-excitation-mechanism,family-excitation,False,33,27,27,0.818,False,False
family-excitation-mechanism,playing-mechanism,False,33,35,24,1.061,False,False
family-excitation-mechanism,family-making,False,33,39,7,1.182,True,False
family-excitation-mechanism,family-practice,False,33,107,8,3.242,False,False
family-excitation-mechanism,capability-practice-making,False,33,319,7,9.667,True,False
family-excitation-mechanism,instruments,True,33,576,33,17.455,False,True
playing-mechanism,excitation,False,35,21,21,0.6,False,False
playing-mechanism,capability,False,35,13,2,0.371,True,False
playing-mechanism,practice,False,35,46,2,1.314,True,False
playing-mechanism,making,False,35,17,2,0.486,True,False
playing-mechanism,family-excitation,False,35,27,19,0.771,False,False
playing-mechanism,family-excitation-mechanism,False,35,33,24,0.943,False,False
playing-mechanism,family-making,False,35,39,3,1.114,True,False
playing-mechanism,family-practice,False,35,107,4,3.057,True,False
playing-mechanism,capability-practice-making,False,35,319,7,9.114,True,False
playing-mechanism,instruments,True,35,576,35,16.457,False,True
family-making,excitation,False,39,21,3,0.538,True,False
family-making,capability,False,39,13,2,0.333,True,False
family-making,practice,False,39,46,2,1.179,True,False
family-making,making,False,39,17,17,0.436,False,False
family-making,family-excitation,False,39,27,7,0.692,True,False
family-making,family-excitation-mechanism,False,39,33,7,0.846,True,False
family-making,playing-mechanism,False,39,35,3,0.897,True,False
family-making,family-practice,False,39,107,8,2.744,False,False
family-making,capability-practice-making,False,39,319,20,8.179,False,False
family-making,instruments,True,39,576,39,14.769,False,True
family-practice,excitation,False,107,21,4,0.196,True,False
family-practice,capability,False,107,13,2,0.121,True,False
family-practice,practice,False,107,46,46,0.43,False,False
family-practice,making,False,107,17,3,0.159,True,False
family-practice,family-excitation,False,107,27,8,0.252,False,False
family-practice,family-excitation-mechanism,False,107,33,8,0.308,False,False
family-practice,playing-mechanism,False,107,35,4,0.327,True,False
family-practice,family-making,False,107,39,8,0.364,False,False
family-practice,capability-practice-making,False,107,319,74,2.981,False,False
family-practice,instruments,True,107,576,107,5.383,False,True
capability-practice-making,excitation,False,319,21,6,0.066,True,False
capability-practice-making,capability,False,319,13,13,0.041,False,False
capability-practice-making,practice,False,319,46,46,0.144,False,False
capability-practice-making,making,False,319,17,17,0.053,False,False
capability-practice-making,family-excitation,False,319,27,6,0.085,True,False
capability-practice-making,family-excitation-mechanism,False,319,33,7,0.103,True,False
capability-practice-making,playing-mechanism,False,319,35,7,0.11,True,False
capability-practice-making,family-making,False,319,39,20,0.122,False,False
capability-practice-making,family-practice,False,319,107,74,0.335,False,False
capability-practice-making,instruments,True,319,576,319,1.806,False,True
instruments,excitation,False,576,21,21,0.036,False,False
instruments,capability,False,576,13,13,0.023,False,False
instruments,practice,False,576,46,46,0.08,False,False
instruments,making,False,576,17,17,0.03,False,False
instruments,family-excitation,False,576,27,27,0.047,False,False
instruments,family-excitation-mechanism,False,576,33,33,0.057,False,False
instruments,playing-mechanism,False,576,35,35,0.061,False,False
instruments,family-making,False,576,39,39,0.068,False,False
instruments,family-practice,False,576,107,107,0.186,False,False
instruments,capability-practice-making,False,576,319,319,0.554,False,False
