Discipline,Governing_sport,Games,A|A1_Team_events,A|A2_Individual_events,A|A3_Head_to_head,A|A4_Judged,A|A5_Measured,A|A6_Physical_contact,B|B1_Ball,B|B2_Handheld_implement,B|B3_Net_or_goal,B|B4_Vehicle_board_or_runner,B|B5_Helmet_or_head_protection,B|B6_Animal,C|C1_Grass_or_turf,C|C2_Indoor_venue,C|C3_Ice_or_snow,C|C4_Water,C|C5_Outdoor_venue,C|C6_Fixed_marked_area,D|D1_Endurance,D|D2_Explosive_power,D|D3_Aim,D|D4_Running,D|D5_Jumping,D|D6_Weight_classes,E|E1_Clock,E|E2_Fixed_attempts,E|E3_Points_accumulate,E|E4_Draw_possible,E|E5_Turn_taking,F|F1_Olympic_debut_before_1950,F|F2_Professional_circuit,F|F3_Major_spectator_sport,F|F4_School_sport,G|G1_British_or_Irish_origin,G|G2_American_origin,G|G3_Asian_origin,G|G4_Codified_before_1900,G|G5_Women's_event_in_the_frame
Swimming,Aquatics,Summer,1,1,1,0,1,0,0,0,0,0,0,0,0,1,0,1,0,1,1,1,0,0,0,0,0,1,0,0,0,1,1,1,1,0,0,0,1,1
Marathon swimming,Aquatics,Summer,0,1,1,0,1,0,0,0,0,0,0,0,0,0,0,1,1,0,1,0,0,0,0,0,0,0,0,0,0,0,0,0,0,0,0,0,0,1
Diving,Aquatics,Summer,0,1,0,1,0,0,0,0,0,0,0,0,0,1,0,1,0,1,0,1,0,0,1,0,0,1,1,0,1,1,0,1,0,0,0,0,0,1
Artistic swimming,Aquatics,Summer,1,0,0,1,0,0,0,0,0,0,0,0,0,1,0,1,0,1,1,0,0,0,0,0,0,1,1,0,1,0,0,0,0,0,1,0,0,1
Water polo,Aquatics,Summer,1,0,1,0,0,1,1,0,1,0,0,0,0,1,0,1,0,1,1,0,0,0,0,0,1,0,1,1,0,1,1,0,0,1,0,0,1,1
Archery,Archery,Summer,1,1,1,0,0,0,0,1,0,0,0,0,1,0,0,0,1,0,0,0,1,0,0,0,0,1,1,0,1,1,0,0,0,1,0,0,1,1
Athletics,Athletics,Summer,1,1,1,0,1,0,0,1,0,0,0,0,0,0,0,0,1,1,1,1,0,1,1,0,0,1,0,0,1,1,1,1,1,0,0,0,1,1
Badminton,Badminton,Summer,1,1,1,0,0,0,0,1,1,0,0,0,0,1,0,0,0,1,1,1,1,0,1,0,0,1,1,0,0,0,1,0,1,1,0,0,1,1
Basketball,Basketball,Summer,1,0,1,0,0,1,1,0,1,0,0,0,0,1,0,0,0,1,1,0,1,1,1,0,1,0,1,0,0,1,1,1,1,0,1,0,1,1
3x3 basketball,Basketball,Summer,1,0,1,0,0,1,1,0,1,0,0,0,0,0,0,0,1,1,0,1,1,1,1,0,1,0,1,0,0,0,1,0,0,0,1,0,0,1
Boxing,Boxing,Summer,0,1,1,1,0,1,0,0,0,0,0,0,0,1,0,0,0,1,1,1,0,0,0,1,1,1,1,1,0,1,1,1,0,1,0,0,1,1
Breaking,Breaking,Summer,0,1,1,1,0,0,0,0,0,0,0,0,0,1,0,0,0,0,0,1,0,0,1,0,1,1,1,0,1,0,1,0,0,0,1,0,0,1
Canoe sprint,Canoeing,Summer,1,1,1,0,1,0,0,1,0,1,0,0,0,0,0,1,1,1,1,1,0,0,0,0,0,1,0,0,0,1,0,0,0,0,0,0,0,1
Canoe slalom,Canoeing,Summer,0,1,0,0,1,0,0,1,0,1,1,0,0,0,0,1,1,0,0,1,1,0,0,0,0,1,0,0,1,0,0,0,0,0,0,0,0,1
Road cycling,Cycling,Summer,0,1,1,0,1,0,0,0,0,1,1,0,0,0,0,0,1,0,1,0,0,0,0,0,0,0,0,0,0,1,1,1,0,0,0,0,1,1
Track cycling,Cycling,Summer,1,1,1,0,1,0,0,0,0,1,1,0,0,1,0,0,0,1,1,1,0,0,0,0,0,1,1,0,1,1,1,0,0,0,0,0,1,1
Mountain biking,Cycling,Summer,0,1,1,0,1,0,0,0,0,1,1,0,0,0,0,0,1,0,1,1,0,0,0,0,0,0,0,0,0,0,1,0,0,0,1,0,0,1
BMX racing,Cycling,Summer,0,1,1,0,1,0,0,0,0,1,1,0,0,0,0,0,1,0,0,1,0,0,1,0,0,1,0,0,0,0,1,0,0,0,1,0,0,1
BMX freestyle,Cycling,Summer,0,1,0,1,0,0,0,0,0,1,1,0,0,0,0,0,1,0,0,1,0,0,1,0,1,1,1,0,1,0,1,0,0,0,1,0,0,1
Dressage,Equestrian,Summer,1,1,0,1,0,0,0,0,0,0,1,1,0,0,0,0,1,1,0,0,0,0,0,0,0,1,1,0,1,1,0,0,0,0,0,0,0,1
Eventing,Equestrian,Summer,1,1,0,1,1,0,0,0,0,0,1,1,1,0,0,0,1,0,1,0,0,0,1,0,1,1,0,0,1,1,0,0,0,0,0,0,0,1
Jumping,Equestrian,Summer,1,1,0,0,1,0,0,0,0,0,1,1,1,0,0,0,1,1,0,0,1,0,1,0,1,1,0,0,1,1,1,0,0,1,0,0,1,1
Fencing,Fencing,Summer,1,1,1,0,0,0,0,1,0,0,1,0,0,1,0,0,0,1,0,1,1,0,0,0,1,0,1,0,0,1,0,0,0,0,0,0,1,1
Football,Football,Summer,1,0,1,0,0,1,1,0,1,0,0,0,1,0,0,0,1,1,1,0,0,1,0,0,1,0,1,1,0,1,1,1,1,1,0,0,1,1
Golf,Golf,Summer,0,1,0,0,0,0,1,1,0,0,0,0,1,0,0,0,1,0,0,0,1,0,0,0,0,1,0,0,1,1,1,1,0,1,0,0,1,1
Artistic gymnastics,Gymnastics,Summer,1,1,0,1,0,0,0,0,0,0,0,0,0,1,0,0,0,0,0,1,0,0,1,0,0,1,1,0,1,1,0,1,1,0,0,0,1,1
Rhythmic gymnastics,Gymnastics,Summer,1,1,0,1,0,0,1,1,0,0,0,0,0,1,0,0,0,0,0,1,0,0,1,0,0,1,1,0,1,0,0,0,0,0,0,0,0,1
Trampoline,Gymnastics,Summer,0,1,0,1,0,0,0,0,0,0,0,0,0,1,0,0,0,0,0,1,0,0,1,0,0,1,1,0,1,0,0,0,0,0,1,0,0,1
Handball,Handball,Summer,1,0,1,0,0,1,1,0,1,0,0,0,0,1,0,0,0,1,1,1,0,1,1,0,1,0,1,1,0,1,1,0,1,0,0,0,0,1
Field hockey,Hockey,Summer,1,0,1,0,0,1,1,1,1,0,0,0,1,0,0,0,1,1,1,0,0,1,0,0,1,0,1,1,0,1,1,0,1,1,0,0,1,1
Judo,Judo,Summer,1,1,1,1,0,1,0,0,0,0,0,0,0,1,0,0,0,1,0,1,0,0,0,1,1,0,1,0,0,0,0,0,0,0,0,1,1,1
Modern pentathlon,Modern pentathlon,Summer,0,1,1,0,1,0,0,1,0,0,1,1,0,0,0,1,1,0,1,1,1,1,0,0,1,1,1,0,1,1,0,0,0,0,0,0,0,1
Rowing,Rowing,Summer,1,1,1,0,1,0,0,1,0,1,0,0,0,0,0,1,1,1,1,1,0,0,0,1,0,1,0,0,0,1,0,0,0,1,0,0,1,1
Rugby sevens,Rugby,Summer,1,0,1,0,0,1,1,0,1,0,0,0,1,0,0,0,1,1,1,1,0,1,0,0,1,0,1,1,0,0,1,1,1,1,0,0,1,1
Sailing,Sailing,Summer,1,1,1,0,0,0,0,0,0,1,0,0,0,0,0,1,1,0,1,0,0,0,0,0,0,1,1,0,0,1,1,0,0,1,0,0,1,1
Shooting,Shooting,Summer,1,1,1,0,0,0,0,1,0,0,0,0,0,1,0,0,1,0,0,0,1,0,0,0,0,1,1,0,1,1,0,0,0,1,0,0,1,1
Skateboarding,Skateboarding,Summer,0,1,0,1,0,0,0,0,0,1,1,0,0,0,0,0,1,0,0,1,0,0,1,0,1,1,1,0,1,0,1,0,0,0,1,0,0,1
Sport climbing,Sport climbing,Summer,0,1,1,0,1,0,0,0,0,0,0,0,0,1,0,0,0,0,1,1,0,0,0,0,1,1,1,0,1,0,1,0,0,0,0,0,0,1
Surfing,Surfing,Summer,0,1,1,1,0,0,0,0,0,1,0,0,0,0,0,1,1,0,0,1,0,0,0,0,1,1,1,0,0,0,1,0,0,0,0,0,0,1
Table tennis,Table tennis,Summer,1,1,1,0,0,0,1,1,1,0,0,0,0,1,0,0,0,1,0,1,1,0,0,0,0,1,1,0,0,0,1,0,1,1,0,0,1,1
Taekwondo,Taekwondo,Summer,0,1,1,1,0,1,0,0,0,0,1,0,0,1,0,0,0,1,0,1,0,0,1,1,1,0,1,0,0,0,0,0,0,0,0,1,0,1
Tennis,Tennis,Summer,1,1,1,0,0,0,1,1,1,0,0,0,1,0,0,0,1,1,1,1,1,1,0,0,0,1,1,0,0,1,1,1,1,1,0,0,1,1
Triathlon,Triathlon,Summer,1,1,1,0,1,0,0,0,0,1,1,0,0,0,0,1,1,0,1,0,0,1,0,0,0,0,0,0,0,0,1,0,0,0,1,0,0,1
Volleyball,Volleyball,Summer,1,0,1,0,0,0,1,0,1,0,0,0,0,1,0,0,0,1,0,1,0,0,1,0,0,1,1,0,0,0,1,1,1,0,1,0,1,1
Beach volleyball,Volleyball,Summer,1,0,1,0,0,0,1,0,1,0,0,0,0,0,0,0,1,1,0,1,0,0,1,0,0,1,1,0,0,0,1,1,0,0,1,0,0,1
Weightlifting,Weightlifting,Summer,0,1,0,0,1,0,0,1,0,0,0,0,0,1,0,0,0,0,0,1,0,0,0,1,0,1,0,0,1,1,0,0,0,0,0,0,1,1
Freestyle wrestling,Wrestling,Summer,0,1,1,0,0,1,0,0,0,0,0,0,0,1,0,0,0,1,1,1,0,0,0,1,1,0,1,0,0,1,0,0,1,0,0,0,1,1
Greco-Roman wrestling,Wrestling,Summer,0,1,1,0,0,1,0,0,0,0,0,0,0,1,0,0,0,1,1,1,0,0,0,1,1,0,1,0,0,1,0,0,1,0,0,0,1,0
Baseball,Baseball-softball,Summer,1,0,1,0,0,0,1,1,0,0,1,0,1,0,0,0,1,0,0,1,1,1,0,0,0,1,1,0,1,0,1,1,1,0,1,0,1,0
Softball,Baseball-softball,Summer,1,0,1,0,0,0,1,1,0,0,1,0,1,0,0,0,1,0,0,1,1,1,0,0,0,1,1,0,1,0,1,0,1,0,1,0,0,1
Cricket,Cricket,Summer,1,0,1,0,0,0,1,1,0,0,1,0,1,0,0,0,1,0,1,0,1,1,0,0,0,1,1,1,1,1,1,1,1,1,0,0,1,1
Flag football,American football,Summer,1,0,1,0,0,0,1,0,1,0,0,0,1,0,0,0,1,1,0,1,0,1,0,0,1,0,1,1,0,0,0,0,1,0,1,0,0,1
Squash,Squash,Summer,0,1,1,0,0,0,1,1,0,0,0,0,0,1,0,0,0,1,1,1,1,0,0,0,0,1,1,0,0,0,1,0,0,1,0,0,1,1
Lacrosse sixes,Lacrosse,Summer,1,0,1,0,0,1,1,1,1,0,1,0,1,0,0,0,1,1,1,0,0,1,0,0,1,0,1,1,0,1,1,0,1,0,1,0,1,1
Biathlon,Biathlon,Winter,1,1,1,0,1,0,0,1,0,1,0,0,0,0,1,0,1,0,1,0,1,0,0,0,0,1,0,0,0,0,1,1,0,0,0,0,0,1
Bobsleigh,Bobsleigh,Winter,1,1,1,0,1,0,0,0,0,1,1,0,0,0,1,0,1,0,0,1,0,0,0,0,0,1,0,0,1,1,0,0,0,0,0,0,0,1
Skeleton,Bobsleigh,Winter,0,1,0,0,1,0,0,0,0,1,1,0,0,0,1,0,1,0,0,1,0,0,0,0,0,1,0,0,1,1,0,0,0,0,0,0,0,1
Curling,Curling,Winter,1,0,1,0,0,0,0,1,0,0,0,0,0,1,1,0,0,1,0,0,1,0,0,0,0,1,1,1,1,1,1,0,0,1,0,0,1,1
Ice hockey,Ice hockey,Winter,1,0,1,0,0,1,0,1,1,1,1,0,0,1,1,0,0,1,0,1,0,0,0,0,1,0,1,1,0,1,1,1,0,0,1,0,1,1
Luge,Luge,Winter,1,1,1,0,1,0,0,0,0,1,1,0,0,0,1,0,1,0,0,1,0,0,0,0,0,1,0,0,1,0,0,0,0,0,0,0,0,1
Figure skating,Skating,Winter,1,1,0,1,0,0,0,0,0,1,0,0,0,1,1,0,0,1,0,1,0,0,1,0,0,1,1,0,1,1,1,1,0,0,0,0,1,1
Speed skating,Skating,Winter,1,1,1,0,1,0,0,0,0,1,0,0,0,1,1,0,0,1,1,1,0,0,0,0,0,1,0,0,1,1,1,0,0,0,0,0,1,1
Short track speed skating,Skating,Winter,1,1,1,0,1,0,0,0,0,1,1,0,0,1,1,0,0,1,1,1,0,0,0,0,0,1,0,0,0,0,0,0,0,0,1,0,0,1
Alpine skiing,Skiing,Winter,1,1,1,0,1,0,0,1,0,1,1,0,0,0,1,0,1,0,0,1,0,0,0,0,0,1,0,0,1,1,1,1,0,0,0,0,0,1
Cross-country skiing,Skiing,Winter,1,1,1,0,1,0,0,1,0,1,0,0,0,0,1,0,1,0,1,1,0,0,0,0,0,1,0,0,1,1,1,1,0,0,0,0,1,1
Freestyle skiing,Skiing,Winter,1,1,1,1,1,0,0,1,0,1,1,0,0,0,1,0,1,0,0,1,0,0,1,0,1,1,1,0,1,0,1,0,0,0,1,0,0,1
Nordic combined,Skiing,Winter,1,1,1,1,1,0,0,1,0,1,1,0,0,0,1,0,1,0,1,1,0,0,1,0,0,1,1,0,1,1,0,0,0,0,0,0,0,0
Ski jumping,Skiing,Winter,1,1,1,1,1,0,0,0,0,1,1,0,0,0,1,0,1,0,0,1,0,0,1,0,0,1,1,0,1,1,1,1,0,0,0,0,1,1
Snowboarding,Skiing,Winter,0,1,1,1,1,0,0,0,0,1,1,0,0,0,1,0,1,0,0,1,0,0,1,0,1,1,1,0,1,0,1,1,0,0,1,0,0,1
Ski mountaineering,Skiing,Winter,1,1,1,0,1,0,0,1,0,1,1,0,0,0,1,0,1,0,1,0,0,0,0,0,0,1,0,0,0,0,0,0,0,0,0,0,0,1
