Discipline,Governing_sport,Games
Swimming,Aquatics,Summer
Marathon swimming,Aquatics,Summer
Diving,Aquatics,Summer
Artistic swimming,Aquatics,Summer
Water polo,Aquatics,Summer
Archery,Archery,Summer
Athletics,Athletics,Summer
Badminton,Badminton,Summer
Basketball,Basketball,Summer
3x3 basketball,Basketball,Summer
Boxing,Boxing,Summer
Breaking,Breaking,Summer
Canoe sprint,Canoeing,Summer
Canoe slalom,Canoeing,Summer
Road cycling,Cycling,Summer
Track cycling,Cycling,Summer
Mountain biking,Cycling,Summer
BMX racing,Cycling,Summer
BMX freestyle,Cycling,Summer
Dressage,Equestrian,Summer
Eventing,Equestrian,Summer
Jumping,Equestrian,Summer
Fencing,Fencing,Summer
Football,Football,Summer
Golf,Golf,Summer
Artistic gymnastics,Gymnastics,Summer
Rhythmic gymnastics,Gymnastics,Summer
Trampoline,Gymnastics,Summer
Handball,Handball,Summer
Field hockey,Hockey,Summer
Judo,Judo,Summer
Modern pentathlon,Modern pentathlon,Summer
Rowing,Rowing,Summer
Rugby sevens,Rugby,Summer
Sailing,Sailing,Summer
Shooting,Shooting,Summer
Skateboarding,Skateboarding,Summer
Sport climbing,Sport climbing,Summer
Surfing,Surfing,Summer
Table tennis,Table tennis,Summer
Taekwondo,Taekwondo,Summer
Tennis,Tennis,Summer
Triathlon,Triathlon,Summer
Volleyball,Volleyball,Summer
Beach volleyball,Volleyball,Summer
Weightlifting,Weightlifting,Summer
Freestyle wrestling,Wrestling,Summer
Greco-Roman wrestling,Wrestling,Summer
Baseball,Baseball-softball,Summer
Softball,Baseball-softball,Summer
Cricket,Cricket,Summer
Flag football,American football,Summer
Squash,Squash,Summer
Lacrosse sixes,Lacrosse,Summer
Biathlon,Biathlon,Winter
Bobsleigh,Bobsleigh,Winter
Skeleton,Bobsleigh,Winter
Curling,Curling,Winter
Ice hockey,Ice hockey,Winter
Luge,Luge,Winter
Figure skating,Skating,Winter
Speed skating,Skating,Winter
Short track speed skating,Skating,Winter
Alpine skiing,Skiing,Winter
Cross-country skiing,Skiing,Winter
Freestyle skiing,Skiing,Winter
Nordic combined,Skiing,Winter
Ski jumping,Skiing,Winter
Snowboarding,Skiing,Winter
Ski mountaineering,Skiing,Winter
