context,scale_a,scale_b,algorithm,stratum,n_in_stratum,tau_x
instruments,capability,capability-practice-making,aeschlimann_schmid,1,1,
instruments,capability,capability-practice-making,aeschlimann_schmid,2,3,0.3333333333333333
instruments,capability,capability-practice-making,aeschlimann_schmid,3,4,0.6666666666666666
instruments,capability,capability-practice-making,aeschlimann_schmid,4,3,-0.3333333333333333
instruments,capability,capability-practice-making,aeschlimann_schmid,5,1,
instruments,capability,capability-practice-making,aeschlimann_schmid,6,1,
instruments,capability,instruments,aeschlimann_schmid,1,1,
instruments,capability,instruments,aeschlimann_schmid,2,3,0.3333333333333333
instruments,capability,instruments,aeschlimann_schmid,3,4,0.6666666666666666
instruments,capability,instruments,aeschlimann_schmid,4,3,-0.3333333333333333
instruments,capability,instruments,aeschlimann_schmid,5,1,
instruments,capability,instruments,aeschlimann_schmid,6,1,
instruments,capability-practice-making,instruments,aeschlimann_schmid,1,1,
instruments,capability-practice-making,instruments,aeschlimann_schmid,10,13,-0.4156194667729049
instruments,capability-practice-making,instruments,aeschlimann_schmid,11,5,-0.5270462766947299
instruments,capability-practice-making,instruments,aeschlimann_schmid,12,1,
instruments,capability-practice-making,instruments,aeschlimann_schmid,2,24,-0.2028985507246377
instruments,capability-practice-making,instruments,aeschlimann_schmid,3,45,-0.24835304938755517
instruments,capability-practice-making,instruments,aeschlimann_schmid,4,52,-0.15933236756051683
instruments,capability-practice-making,instruments,aeschlimann_schmid,5,43,-0.054444578875669364
instruments,capability-practice-making,instruments,aeschlimann_schmid,6,41,0.11233219606703278
instruments,capability-practice-making,instruments,aeschlimann_schmid,7,40,0.07712088632849884
instruments,capability-practice-making,instruments,aeschlimann_schmid,8,32,0.04444453513841544
instruments,capability-practice-making,instruments,aeschlimann_schmid,9,22,-0.2489177903753621
instruments,excitation,instruments,aeschlimann_schmid,1,1,
instruments,excitation,instruments,aeschlimann_schmid,2,11,-0.18692405136401477
instruments,excitation,instruments,aeschlimann_schmid,3,7,-0.6190476190476191
instruments,excitation,instruments,aeschlimann_schmid,4,1,
instruments,excitation,instruments,aeschlimann_schmid,5,1,
instruments,excitation,playing-mechanism,aeschlimann_schmid,1,1,
instruments,excitation,playing-mechanism,aeschlimann_schmid,2,11,0.09433962264150944
instruments,excitation,playing-mechanism,aeschlimann_schmid,3,7,0.5506887917539348
instruments,excitation,playing-mechanism,aeschlimann_schmid,4,1,
instruments,excitation,playing-mechanism,aeschlimann_schmid,5,1,
instruments,excitation,playing-mechanism,fdp,1,1,
instruments,excitation,playing-mechanism,fdp,2,11,0.34545454545454546
instruments,excitation,playing-mechanism,fdp,3,7,0.14285714285714285
instruments,excitation,playing-mechanism,fdp,4,1,
instruments,excitation,playing-mechanism,fdp,5,1,
instruments,family-excitation,family-excitation-mechanism,aeschlimann_schmid,1,1,
instruments,family-excitation,family-excitation-mechanism,aeschlimann_schmid,2,12,-0.45454545454545453
instruments,family-excitation,family-excitation-mechanism,aeschlimann_schmid,3,9,-0.4789207443461594
instruments,family-excitation,family-excitation-mechanism,aeschlimann_schmid,4,3,-1.0
instruments,family-excitation,family-excitation-mechanism,aeschlimann_schmid,5,1,
instruments,family-excitation,family-excitation-mechanism,aeschlimann_schmid,6,1,
instruments,family-excitation,instruments,aeschlimann_schmid,1,1,
instruments,family-excitation,instruments,aeschlimann_schmid,2,12,-0.10687334289668037
instruments,family-excitation,instruments,aeschlimann_schmid,3,9,-0.3662335103823572
instruments,family-excitation,instruments,aeschlimann_schmid,4,3,-0.3333333333333333
instruments,family-excitation,instruments,aeschlimann_schmid,5,1,
instruments,family-excitation,instruments,aeschlimann_schmid,6,1,
instruments,family-excitation-mechanism,instruments,aeschlimann_schmid,1,1,
instruments,family-excitation-mechanism,instruments,aeschlimann_schmid,2,14,-0.31868131868131866
instruments,family-excitation-mechanism,instruments,aeschlimann_schmid,3,11,-0.2727272727272727
instruments,family-excitation-mechanism,instruments,aeschlimann_schmid,4,5,0.0
instruments,family-excitation-mechanism,instruments,aeschlimann_schmid,5,1,
instruments,family-excitation-mechanism,instruments,aeschlimann_schmid,6,1,
instruments,family-making,instruments,aeschlimann_schmid,1,1,
instruments,family-making,instruments,aeschlimann_schmid,2,9,-0.253546276418555
instruments,family-making,instruments,aeschlimann_schmid,3,9,-0.7222222222222222
instruments,family-making,instruments,aeschlimann_schmid,4,13,-0.7435897435897436
instruments,family-making,instruments,aeschlimann_schmid,5,6,-0.6
instruments,family-making,instruments,aeschlimann_schmid,6,1,
instruments,family-practice,instruments,aeschlimann_schmid,1,1,
instruments,family-practice,instruments,aeschlimann_schmid,2,13,-0.2709733813985673
instruments,family-practice,instruments,aeschlimann_schmid,3,20,-0.28421052631578947
instruments,family-practice,instruments,aeschlimann_schmid,4,21,-0.1774585438377326
instruments,family-practice,instruments,aeschlimann_schmid,5,17,-0.39114657444687545
instruments,family-practice,instruments,aeschlimann_schmid,6,15,-0.41348065320870947
instruments,family-practice,instruments,aeschlimann_schmid,7,13,-0.29678037010319275
instruments,family-practice,instruments,aeschlimann_schmid,8,6,0.2
instruments,family-practice,instruments,aeschlimann_schmid,9,1,
instruments,making,capability-practice-making,aeschlimann_schmid,1,1,
instruments,making,capability-practice-making,aeschlimann_schmid,2,3,0.3333333333333333
instruments,making,capability-practice-making,aeschlimann_schmid,3,6,0.7333333333333333
instruments,making,capability-practice-making,aeschlimann_schmid,4,4,0.6666666666666666
instruments,making,capability-practice-making,aeschlimann_schmid,5,2,1.0
instruments,making,capability-practice-making,aeschlimann_schmid,6,1,
instruments,making,family-making,aeschlimann_schmid,1,1,
instruments,making,family-making,aeschlimann_schmid,2,3,0.3333333333333333
instruments,making,family-making,aeschlimann_schmid,3,6,0.8666666666666667
instruments,making,family-making,aeschlimann_schmid,4,4,1.0
instruments,making,family-making,aeschlimann_schmid,5,2,1.0
instruments,making,family-making,aeschlimann_schmid,6,1,
instruments,making,instruments,aeschlimann_schmid,1,1,
instruments,making,instruments,aeschlimann_schmid,2,3,0.0
instruments,making,instruments,aeschlimann_schmid,3,6,-0.6
instruments,making,instruments,aeschlimann_schmid,4,4,-1.0
instruments,making,instruments,aeschlimann_schmid,5,2,-1.0
instruments,making,instruments,aeschlimann_schmid,6,1,
instruments,playing-mechanism,instruments,aeschlimann_schmid,1,1,
instruments,playing-mechanism,instruments,aeschlimann_schmid,2,14,-0.05555898522840233
instruments,playing-mechanism,instruments,aeschlimann_schmid,3,10,-0.2500645911391736
instruments,playing-mechanism,instruments,aeschlimann_schmid,4,5,-0.4
instruments,playing-mechanism,instruments,aeschlimann_schmid,5,4,-0.6666666666666666
instruments,playing-mechanism,instruments,aeschlimann_schmid,6,1,
instruments,practice,capability-practice-making,aeschlimann_schmid,1,1,
instruments,practice,capability-practice-making,aeschlimann_schmid,2,5,-0.4
instruments,practice,capability-practice-making,aeschlimann_schmid,3,7,-0.09759000729485333
instruments,practice,capability-practice-making,aeschlimann_schmid,4,9,-0.14085904245475275
instruments,practice,capability-practice-making,aeschlimann_schmid,5,10,-0.5393598899705937
instruments,practice,capability-practice-making,aeschlimann_schmid,6,8,-0.35714285714285715
instruments,practice,capability-practice-making,aeschlimann_schmid,7,5,-0.8
instruments,practice,capability-practice-making,aeschlimann_schmid,8,1,
instruments,practice,family-practice,aeschlimann_schmid,1,1,
instruments,practice,family-practice,aeschlimann_schmid,2,5,-0.2
instruments,practice,family-practice,aeschlimann_schmid,3,7,-0.23809523809523808
instruments,practice,family-practice,aeschlimann_schmid,4,9,0.3333333333333333
instruments,practice,family-practice,aeschlimann_schmid,5,10,0.2
instruments,practice,family-practice,aeschlimann_schmid,6,8,0.14285714285714285
instruments,practice,family-practice,aeschlimann_schmid,7,5,0.2
instruments,practice,family-practice,aeschlimann_schmid,8,1,
instruments,practice,family-practice,fdp,1,1,
instruments,practice,family-practice,fdp,2,5,-0.7378647873726218
instruments,practice,family-practice,fdp,3,7,-0.3903600291794133
instruments,practice,family-practice,fdp,4,9,-0.686643649130512
instruments,practice,family-practice,fdp,5,10,-0.6744186046511628
instruments,practice,family-practice,fdp,6,8,-0.7637626158259733
instruments,practice,family-practice,fdp,7,5,-1.0
instruments,practice,family-practice,fdp,8,1,
instruments,practice,instruments,aeschlimann_schmid,1,1,
instruments,practice,instruments,aeschlimann_schmid,2,5,0.0
instruments,practice,instruments,aeschlimann_schmid,3,7,0.14285714285714285
instruments,practice,instruments,aeschlimann_schmid,4,9,-0.3888888888888889
instruments,practice,instruments,aeschlimann_schmid,5,10,-0.3333333333333333
instruments,practice,instruments,aeschlimann_schmid,6,8,-0.07142857142857142
instruments,practice,instruments,aeschlimann_schmid,7,5,0.4
instruments,practice,instruments,aeschlimann_schmid,8,1,
