context,scale,algorithm,concepts,seed,status,runtime_s,budget_s,completed_within_budget,note,n_nodes,drawn_width,visual_chain_linearity,node_edge_conflict,crossing_angle,edge_edge_conflict,edge_crossing,edge_length_uniformity,layer_consistency,slope_harmony,slope_standard,slope_verticality,nested_suitability,node_node_conflict,vertical_axis_balance,node_node_conflict_min,node_edge_conflict_min,edge_edge_conflict_min,crossing_angle_min
instruments,capability,aeschlimann_schmid,13,none,cached,,,,,13,4,0.7831283780286115,0.9997136830598657,0.590334470601733,1.0,1.0,1.0,1.0,0.7909313590834385,0.7914327114175048,0.7999999999999999,0.795905667756079,1.0,0.0,1.0,0.9996277879778254,1.0,0.590334470601733
instruments,capability,fdp,13,none,cached,,60.0,,,13,4,0.8330014102668475,1.0,0.9096703308913897,1.0,1.0,0.9948682510714736,0.9858929640074802,0.596491173031651,0.7992959733549333,0.8976909712535934,0.9247975835183513,1.0,0.3887561504229485,1.0,1.0,1.0,0.9039331432521696
instruments,capability-practice-making,aeschlimann_schmid,319,none,cached,,,,,319,81,0.8710712831934793,0.0483673005075757,0.32444037139206006,0.49873578384923306,0.9723488572025524,0.49619945695581497,0.9136718278803719,0.7202915624095927,0.3833392405417547,0.0688836104513064,0.0,0.4030054123946241,0.2743954269229922,0.0,0.0,0.0,0.0
instruments,capability-practice-making,fdp,319,none,skipped,,,,fdp does not terminate on a context with equivalent attributes (Requires electricity == Electrical sound); see pipeline.md,,,,,,,,,,,,,,,,,,,
instruments,excitation,aeschlimann_schmid,21,none,cached,,,,,21,13,0.5711748517754945,0.3562861956246791,0.43932455883085275,0.7781698218222833,0.9838709677419355,0.7236685300531235,0.8330593401643959,0.5278792476456604,0.5432892753605676,0.24615384615384617,0.0,0.822732441027023,0.357758602490736,0.6863841226141445,0.0,1.6098909627615399e-07,0.07203415214330233
instruments,excitation,fdp,21,none,cached,,60.0,,,21,13,0.6408697330608933,0.2989336394105361,0.6134783997819632,0.8814855835172969,0.935483870967742,0.5883452648817464,0.49782455238186024,0.39109813834929985,0.5645875077319886,0.059065373624360235,0.0999903327430981,0.6002301192358412,0.40447180477008976,0.37136151074336077,0.0999903327430981,0.20978053064483282,0.14465724978457317
instruments,family-excitation,aeschlimann_schmid,27,none,cached,,,,,27,15,0.6220686239858186,0.41032782744026874,0.46733978425313816,0.8958935107432362,0.9351145038167938,0.7984104398091699,0.8677964822856756,0.5262504333710292,0.6142214458094313,0.24615384615384617,0.0,0.8245161620701899,0.11843737951048347,0.0,0.0,0.10918169196563421,0.02766169913332528
instruments,family-excitation,fdp,27,none,cached,,60.0,,,27,15,0.8886079220153005,0.15473856662339056,0.16003306782310034,0.44619992731091895,0.9580152671755725,0.3784901706361245,0.4324537179389418,0.6599698059993491,0.8563101375595455,0.993268723334486,0.0,0.20346876508755452,0.010107368158974568,0.0,0.0,0.0,0.0002809731851811659
instruments,family-excitation-mechanism,aeschlimann_schmid,33,none,cached,,,,,33,17,0.6822150585124102,0.45559027092789933,0.5443361181338233,0.930786570735241,0.975669099756691,0.7728210006686164,0.937693298969072,0.5746763417843173,0.6222106271733073,0.198019801980198,0.07466880014376731,0.880080883347107,0.15477573239240094,0.7505827781822219,0.07466880014376731,0.09320850354048305,0.10765318400407575
instruments,family-excitation-mechanism,fdp,33,none,skipped,,,,fdp does not terminate on a context with equivalent attributes (Chordophone ∧ Hammered strings == Chordophone ∧ Hammered strings ∧ Keyboard); see pipeline.md,,,,,,,,,,,,,,,,,,,
instruments,family-making,aeschlimann_schmid,39,none,cached,,,,,39,14,0.7850192597699543,0.3398049349848521,0.4149087860018156,0.8538461003711248,0.9463500439753738,0.7860489367008936,0.9588846237269671,0.6301934686565642,0.5715308653007796,0.21951219512195122,0.0,0.8779725499188492,0.7244950458472649,0.7470494950882236,0.0,0.10918169196563421,0.035331445776268455
instruments,family-making,fdp,39,none,skipped,,,,fdp does not terminate on a context with equivalent attributes (Requires electricity == Electrical sound); see pipeline.md,,,,,,,,,,,,,,,,,,,
instruments,family-practice,aeschlimann_schmid,107,none,cached,,,,,107,35,0.7779936476080418,0.09648946410739866,0.3770004570685801,0.6442658702018133,0.9396170839469808,0.528456212134824,0.8798074611273626,0.6463491939712398,0.41010545043148816,0.09072164948453608,0.0,0.5105421964910234,0.47758940852414106,0.4739481235495969,0.0,1.6098909627615399e-07,0.004878216952021508
instruments,family-practice,fdp,107,none,cached,,60.0,,,107,35,0.9171104261976631,0.14047540532661557,0.771021666327208,0.49582320480597847,0.964321345432087,0.45027129479299033,0.6888450521499476,0.7673677266966321,0.9411368123966473,0.9782203709535469,0.0,0.48115022624275927,0.8857467606274152,0.0,0.0,0.0,0.0
instruments,instruments,aeschlimann_schmid,576,none,cached,,,,,576,138,0.8506362096255335,0.010397053823207615,0.1752788445110628,0.31290960453878974,0.9625990538920806,0.3873437018858978,0.8344174108685904,0.8030770067022732,0.24152969694701898,0.03277807630306287,0.0,0.21117433250153192,0.6854024617069658,0.0,0.0,0.0,0.0
instruments,instruments,fdp,576,none,skipped,,,,fdp does not terminate on a context with equivalent attributes (Requires electricity == Electrical sound); see pipeline.md,,,,,,,,,,,,,,,,,,,
instruments,making,aeschlimann_schmid,17,none,cached,,,,,17,6,0.7614321910449264,0.6608206766898681,0.619867207770136,0.8199695262421586,0.9534883720930233,0.791700755314776,0.9603150016449172,0.5230680481261994,0.8185317644206429,0.6,0.0,0.9934834373185296,1.0,0.990768202867917,0.0,0.0,0.07916684832113063
instruments,making,fdp,17,none,skipped,,,,fdp does not terminate on a context with equivalent attributes (Requires electricity == Electrical sound); see pipeline.md,,,,,,,,,,,,,,,,,,,
instruments,playing-mechanism,aeschlimann_schmid,35,none,cached,,,,,35,16,0.7222357508123881,0.39665983182762393,0.5485180604804305,0.8835450783936516,0.9320175438596491,0.7315077603157446,0.7875265982380538,0.565277052655698,0.6150004412628527,0.24615384615384617,0.0,0.8649878565646091,0.37316879233140976,0.7823403155658472,0.0,0.0,0.09033447060173394
instruments,playing-mechanism,fdp,35,none,cached,,60.0,,,35,16,0.7254736615347672,0.2785982396591638,0.5382898701409802,0.8763007892094644,0.9802631578947368,0.4652368913944408,0.41818643053973814,0.44461729628655444,0.5604136845172447,0.025946487307786623,0.04612702181148021,0.562092772078608,0.816771456728315,0.34249567601564956,0.04612702181148021,0.11938700938036395,0.07317587340807297
instruments,practice,aeschlimann_schmid,46,none,cached,,,,,46,16,0.8146715294678973,0.33072417598356496,0.4533255921090279,0.7938244521527819,0.9381541389153187,0.7201558956023955,0.9442230700728689,0.579849710311845,0.5936935528905591,0.16551724137931037,0.0,0.830530409879624,0.2972650126675424,0.7540690494118168,0.0,1.6098909627615399e-07,0.052207561303326266
instruments,practice,fdp,46,none,cached,,60.0,,,46,16,0.8732268610816113,0.3279149574662797,0.743434645887169,0.6699964643495825,0.9662226450999049,0.638765163777326,0.7256202730146677,0.7524863930626984,0.954930638128766,0.9782203709535471,0.0,0.8316004112069614,0.8547008547008547,0.41269270618278875,0.0,0.0001708256968973032,0.0
