object,system,catalogue_class,spectral_type,G,G_estimated,distance_pc,n_system_bodies,planets
Proxima Cen,alf Cen,LM,M5.5,8.984749,,1.302,3,Proxima Cen b
alf Cen A,alf Cen,*,G2,,-0.09,1.346,3,
alf Cen B,alf Cen,*,K1,,1.34,1.346,3,
Barnard's Star,Barnard's Star,LM,M3.5,8.1939745,,1.828,1,
Luhman 16 A,Luhman 16,BD,L7.5,16.945,,1.994,2,
Luhman 16 B,Luhman 16,BD,T0.5,16.962,,1.994,2,
WISEA J085510.74-071442.5,WISEA J085510.74-071442.5,BD,>Y4,,21.91,2.278,1,
Wolf 359,Wolf 359,LM,M6,11.038391,,2.409,1,
HD 95735,HD 95735,LM,M1.5e,6.551172,,2.546,1,HD 95735 b;HD 95735 c
alf CMa A,alf CMa,*,A1,,-1.49,2.637,2,
alf CMa B,alf CMa,WD,DA1.9,8.524133,,2.67,2,
G 272-61 A,G 272-61,LM,M5,10.507542,,2.72,2,
G 272-61 B,G 272-61,LM,M6,10.817838,,2.675,2,
Ross 154,V1216 Sgr,LM,M3.5e,9.126414,,2.976,1,
Ross 248,HH And,LM,M5,10.379277,,3.16,1,
eps Eri,eps Eri,*,K2,3.465752,,3.22,1,eps Eri b
GJ 887,HD 217987,LM,M2,6.5220323,,3.288,1,GJ 887 b;GJ 887 c
Ross 128,FI Vir,LM,M4,9.601,,3.375,1,Ross 128 b
GJ 866 A,EZ Aqr,LM,M5,10.84,,3.406,3,
GJ 866 B,EZ Aqr,LM?,,,,3.406,3,
GJ 866 C,EZ Aqr,LM?,,,,3.406,3,
61 Cyg A,61 Cyg,*,K5,4.766713,,3.497,2,
61 Cyg B,61 Cyg,*,K7,5.4506445,,3.496,2,
alf CMi A,alf CMi,*,F5,,1.12,3.514,2,
alf CMi B,alf CMi,WD,DQZ,,10.72,3.514,2,
HD 173739,BD+59 1915,LM,M3,7.854393,,3.523,2,
HD 173740,BD+59 1915,LM,M3.5,8.524704,,3.523,2,
GJ 15 A,IRAS 00156+4344,LM,M1,7.218567,,3.562,2,GJ 15 A b;GJ 15 A c
GJ 15 B,IRAS 00156+4344,LM,M3.5e,9.686646,,3.563,2,
G 51-15,DX Cnc,LM,M6.5,12.167455,,3.581,1,
eps Ind A,eps Ind,*,K5,4.322904,,3.638,3,eps Ind A b
eps Ind B,eps Ind,BD,T1,18.056162,,3.695,3,
eps Ind C,eps Ind,BD,T6,,19.33,3.695,3,
tau Cet,tau Cet,*,G8.5,3.3003998,,3.652,1,
GJ 1061,L 372-58,LM,M5.5,10.995456,,3.674,1,GJ 1061 b;GJ 1061 c;GJ 1061 d
YZ Cet,YZ Cet,LM,M4e,10.436525,,3.717,1,YZ Cet b;YZ Cet c;YZ Cet d
GJ 273,Luyten's Star,LM,M3.5,8.576388,,3.786,1,GJ 273 b;GJ 273 c
Teegarden's Star,Teegarden's Star,LM,M6,12.263103,,3.832,1,Teegarden's Star b;Teegarden's Star c
Kapteyn's Star,Kapteyn's Star,LM,sdM1,8.063552,,3.934,1,
AX Mic,AX Mic,LM,M1,5.984104,,3.97,1,
HD 239960 A,HD 239960,LM,M3,8.669,,4.01,2,
HD 239960 B,HD 239960,LM,M4,9.98,,4.001,2,
SCR J1845-6357 A,SCR J1845-6357,LM,M8,14.02148,,4.005,2,
SCR J1845-6357 B,SCR J1845-6357,BD,T6,,19.5,4.005,2,
DENIS J104814.6-395606,DENIS J104814.6-395606,LM,M9,14.005882,,4.045,1,
Ross 614 A,Ross 614,LM,M4.5,9.63,,4.116,2,
Ross 614 B,Ross 614,LM,M5.5,,10.66,4.116,2,
UGPS J072227.51-054031.2,UGPS J072227.51-054031.2,BD,> T9,,23.04,4.119,1,
Wolf 1061,V2306 Oph,LM,M3,8.801877,,4.308,1,Wolf 1061 b;Wolf 1061 c;Wolf 1061 d
Wolf 28,Wolf 28,WD,DZ,12.299163,,4.314,1,
Wolf 424 A,Wolf 424,LM,M5.5,11.235116,,4.327,2,
Wolf 424 B,Wolf 424,LM,M7,11.240162,,4.475,2,
HD 225213,HD 225213,LM,M2,7.6824937,,4.346,1,
GJ 9066,TZ Ari,LM,M4.5,10.681062,,4.47,1,GJ 9066 b;GJ 9066 c
GJ 687,BD+68 946,LM,M3,8.02864,,4.55,1,GJ 687 b
GJ 674,CD-46 11540,LM,M2,8.336431,,4.553,1,GJ 674 b
WISE J163940.83-684738.6,WISE J163940.83-684738.6,BD,Y0pec,,23.47,4.554,1,
LP 731-58,LP 731-58,LM,M6.5,12.837447,,4.559,1,
LAWD 37,LAWD 37,WD,DQ,11.423104,,4.637,1,
GJ 1245 A,GJ 1245,LM,M5.5,11.535,,4.692,3,
GJ 1245 C,GJ 1245,LM,M8,,13.24,4.692,3,
GJ 1245 B,GJ 1245,LM,M5.5,11.908311,,4.66,3,
WISEP J174124.25+255319.5,WISEP J174124.25+255319.5,BD,T9,,23.77,4.666,1,
GJ 876,IL Aqr,LM,M4,8.875059,,4.672,1,GJ 876 b;GJ 876 c;GJ 876 d;GJ 876 e
L 143-23,L 143-23,LM,M5.5,11.859422,,4.832,1,
G 158-27,G 158-27,LM,M5.5,11.773832,,4.846,1,
DENIS J025503.3-470049,DENIS J025503.3-470049,BD,L9,18.598427,,4.868,1,
HD 88230,HD 88230,*,K7.5e,5.9611735,,4.871,1,
BD+44 2051 A,BD+44 2051,LM,M1,7.912665,,4.905,2,
BD+44 2051 B,BD+44 2051,LM,M5.5,12.257253,,4.906,2,
BD+20 2465,BD+20 2465,LM,M3,8.204091,,4.965,1,
GJ 832,HD 204961,LM,M1.5,7.739947,,4.967,1,GJ 832 b;GJ 832 c
GJ 682,CD-44 11909,LM,M5,9.602153,,5.008,1,GJ 682 b;GJ 682 c
GJ 166 A,omi02 Eri,*,K0.5,4.179894,,5.01,3,
GJ 166 B,omi02 Eri,WD,DA2.9,9.54224,,5.008,3,
GJ 166 C,omi02 Eri,LM,M4.5,9.775309,,5.014,3,
EV Lac,EV Lac,LM,M4,9.005235,,5.052,1,
G 9-38 A,G 9-38,LM,M7,11.96628,,5.151,2,
G 9-38 B,G 9-38,LM,M7,12.48557,,5.095,2,
70 Oph A,70 Oph,*,K0,3.987364,,5.113,2,
70 Oph B,70 Oph,*,K4,5.5392184,,5.106,2,
alf Aql,alf Aql,*,A7,,0.85,5.13,1,
2MASS J15065257+7027247,2MASS J15065257+7027247,BD,T6,20.225025,,5.156,1,
G 99-49,G 99-49,LM,M3.5e,9.901327,,5.208,1,
2MASS J08173001-6155158,2MASS J08173001-6155158,BD,T6,20.0352,,5.213,1,
G 254-29,G 254-29,LM,M4e,9.551337,,5.254,1,
WISEA J154045.67-510139.3,WISEA J154045.67-510139.3,LM,M6.5,12.7359295,,5.327,1,
2MASS J09393548-2448279,2MASS J09393548-2448279,BD,T8,,23.54,5.339,1,
GJ 3323,LP 656-38,LM,M4e,10.649305,,5.375,1,GJ 3323 b;GJ 3323 c
HD 119850,HD 119850,LM,M1.5,7.6105833,,5.435,1,
GJ 169.1 A,G 175-34,LM,M4e,9.702565,,5.517,2,
GJ 169.1 B,G 175-34,WD,DC,12.33619,,5.517,2,
2MASS J11145133-2618235,2MASS J11145133-2618235,BD,T7.5,,23.76,5.58,1,
GJ 251,HD 265866,LM,M3,8.863551,,5.585,1,GJ 251 b
LP 816-60,LP 816-60,LM,M4,10.081701,,5.62,1,
WISE J035000.32-565830.2,WISE J035000.32-565830.2,BD,Y1,,22.68,5.669,1,
2MASSI J1835379+325954,2MASSI J1835379+325954,LM,M8.5,14.850962,,5.689,1,
HD 36395,HD 36395,LM,M1.5,7.1082892,,5.704,1,
2MASSI J0415195-093506,2MASSI J0415195-093506,BD,T8,,23.79,5.708,1,
GJ 229 A,HD 42581,LM,M1,7.3134713,,5.761,2,GJ 229 A b;GJ 229 A c
GJ 229 B,HD 42581,BD,T7pec,,23.81,5.774,2,
sig Dra,sig Dra,*,G9,4.449041,,5.764,1,
Ross 47,Ross 47,LM,M4,10.11378,,5.791,1,
GJ 570 A,GJ 570,*,K4,5.3640366,,5.886,4,
GJ 570 B,GJ 570,LM,M1,7.2492,,5.925,4,
GJ 570 C,GJ 570,LM?,,,,5.925,4,
GJ 570 D,GJ 570,BD,T7,,23.86,5.907,4,
L 205-128,L 205-128,LM,M4,9.592273,,5.889,1,
L 347-14,L 347-14,LM,M4.5,10.752913,,5.909,1,
BR Psc,BR Psc,LM,M1,8.152917,,5.91,1,
GJ 752 A,HD 180617,LM,M3,8.099911,,5.915,2,GJ 752 A b
GJ 752 B,HD 180617,LM,M8,14.3032875,,5.919,2,
CD-40 9712,CD-40 9712,LM,M2.5,8.2741785,,5.917,1,
eta Cas A,eta Cas,*,F9,3.3200667,,5.923,2,
eta Cas B,eta Cas,*,K7e,6.762044,,5.927,2,
36 Oph A,36 Oph,*,K2,4.828591,,5.948,3,
36 Oph B,36 Oph,*,K1,4.831335,,5.952,3,
36 Oph C,36 Oph,*,K5,5.889863,,5.954,3,
GJ 661 A,HD 155876,LM,M3,8.8601,,5.978,2,
GJ 661 B,HD 155876,LM?,,9.1825,,5.978,2,
YZ CMi,YZ CMi,LM,M4e,9.692206,,5.989,1,
WISE J154151.65-225024.9,WISE J154151.65-225024.9,BD,Y0.5,,23.78,5.992,1,
G 158-50 A,G 158-50,LM,M4,10.267,,6.002,2,
G 158-50 B,G 158-50,LM,M4,,10.02,6.002,2,
GJ 783 A,IRAS 20079-3614,*,K2.5,5.033037,,6.012,2,
GJ 783 B,IRAS 20079-3614,LM,M3.5,,9.53,6.012,2,
HD 20794,e Eri,*,G8,4.063915,,6.041,1,HD 20794 b;HD 20794 d
GJ 268 A,QY Aur,LM,M5e,9.934659,,6.053,2,
GJ 268 B,QY Aur,LM,M5e,,10.92,6.053,2,
del Pav,del Pav,*,G8,3.3641381,,6.099,1,
SIMP J013656.5+093347.3,SIMP J013656.5+093347.3,BD,T2,19.486692,,6.118,1,
2MASSI J0937347+293142,2MASSI J0937347+293142,BD,T7,,23.94,6.141,1,
HD 191849,HD 191849,LM,M0,7.2426615,,6.165,1,
WISE J220905.73+271143.9,WISE J220905.73+271143.9,BD,Y0,,24.06,6.184,1,
EGGR 372,EGGR 372,WD,DQ9P,13.778201,,6.211,1,
BD-11 3759,HN Lib,LM,M3.5,9.894982,,6.253,1,
BD+19 5116 A,EQ Peg,LM,M3.5e,9.043998,,6.263,2,
BD+19 5116 B,EQ Peg,LM,M4e,10.828941,,6.254,2,
GJ 581,HO Lib,LM,M3,9.421787,,6.3,1,GJ 581 b;GJ 581 c;GJ 581 e
WISE J140518.39+553421.3,WISE J140518.39+553421.3,BD,Y0(pec?),,24.38,6.321,1,
GJ 338 A,MCC 541,LM,M0,6.976026,,6.334,2,
GJ 338 B,MCC 541,LM,M0,7.054455,,6.334,2,GJ 338 B b
LP 368-128,LP 368-128,LM,M6.5,13.413064,,6.359,1,
2MASS J15031961+2525196,2MASS J15031961+2525196,BD,T5.5,20.300144,,6.419,1,
LP 944-20,LP 944-20,LM,M9,15.439572,,6.427,1,
EGGR 45,EGGR 45,WD,DZ11,14.236672,,6.442,1,
GL Vir,GL Vir,LM,M4.5e,11.926109,,6.464,1,
GJ 625,G 202-48,LM,M1.5,9.139769,,6.479,1,GJ 625 b
GJ 644 A,HD 152751,LM,M3e,8.2712,,6.495,5,
GJ 644 Ba,HD 152751,LM?,,,,6.495,5,
GJ 644 Bb,HD 152751,LM?,,,,6.495,5,
GJ 644 C,HD 152751,LM,M7,13.813289,,6.495,5,
GJ 643,HD 152751,LM,M3.5,10.444497,,6.499,5,
L 100-115,L 100-115,LM,M4,11.133258,,6.504,1,
HD 219134,HD 219134,*,K3,5.2318964,,6.542,1,HD 219134 b;HD 219134 c;HD 219134 d;HD 219134 f
WISEA J082507.37+280548.2,WISEA J082507.37+280548.2,BD,Y0.5,,24.28,6.553,1,
WISE J041022.71+150248.4,WISE J041022.71+150248.4,BD,Y0,,23.16,6.609,1,
2MASS J05212615+1025328,2MASS J05212615+1025328,BD,T7.5,,24.25,6.658,1,
L 471-42,L 471-42,LM,M4,11.226226,,6.663,1,
Ross 104,Ross 104,LM,M2.5,8.977005,,6.748,1,
ksi Boo A,ksi Boo,*,G7,4.4804826,,6.754,2,
ksi Boo B,ksi Boo,*,K5,6.4300914,,6.749,2,
Ross 619,Ross 619,LM,M4.5e,11.397289,,6.769,1,
G 41-14 A,G 41-14,LM,M4e,9.97131,,6.772,3,
G 41-14 B,G 41-14,LM?,,10.329,,6.772,3,
G 41-14 C,G 41-14,LM?,,,,6.772,3,
GJ 829 A,GJ 829,LM,M3e,9.108492,,6.78,2,
GJ 829 B,GJ 829,LM?,,,,6.78,2,
Scholtz's Star A,Scholz's Star,LM,M9.5,15.324,,6.798,2,
Scholtz's Star B,Scholz's Star,BD,T5,,20.42,6.798,2,
2MASS J19284155+2356016,2MASS J19284155+2356016,BD,T6,20.663187,,6.83,1,
WISEPA J025409.45+022359.1,WISEPA J025409.45+022359.1,BD,T8,,23.66,6.845,1,
BD-17 588 A,BD-17 588,LM,M3,10.058402,,6.864,3,LTT 1445 A b;LTT 1445 A c
BD-17 588 B,BD-17 588,LM,M2.5,10.431,,6.864,3,
BD-17 588 C,BD-17 588,LM?,,,,6.864,3,
HD 216899,HD 216899,LM,M1.5e,7.795021,,6.867,1,
CWISE J105512.11+544328.3,CWISE J105512.11+544328.3,BD,sdT8?,,24.19,6.897,1,
Wolf 358,Wolf 358,LM,M4,10.290781,,6.967,1,
BD+01 2447,BD+01 2447,LM,M2,8.675959,,7.038,1,BD+01 2447 b
HD 199305,HD 199305,LM,M1e,7.756715,,7.04,1,
UCAC4 642-113039,UCAC4 642-113039,LM,M4,10.830858,,7.047,1,
LP 914-54,LP 914-54,LM,M7e,14.061078,,7.053,1,
WISE J205628.91+145953.2,WISE J205628.91+145953.2,BD,Y0,,24.21,7.102,1,
L 230-188,L 230-188,LM,M4.5,11.902864,,7.108,1,
WISE J004945.61+215120.0,WISE J004945.61+215120.0,BD,T8.5,,24.35,7.123,1,
G 157-77,G 157-77,LM,M5.5,12.623748,,7.177,1,
GJ 105 A,HD 16160,*,K3,5.4983196,,7.229,3,
GJ 105 B,HD 16160,LM,M4,10.333128,,7.223,3,
GJ 105 C,HD 16160,LM,M7,,13.21,7.229,3,
2MASS J08354256-0819237,V488 Hya,BD,L6.5,18.462,,7.23,1,
L 788-34,L 788-34,LM,M4.5e,11.550707,,7.234,1,
GJ 667 A,HD 156384,*,K3,,5.69,7.243,3,
GJ 667 B,HD 156384,*,K5,,6.22,7.243,3,
GJ 667 C,HD 156384,LM,M1.5,9.386162,,7.243,3,GJ 667 C b;GJ 667 C c
2MASS J06073908+2429574,2MASS J06073908+2429574,BD,L9,19.54577,,7.243,1,
WISEP J031325.96+780744.2,WISEP J031325.96+780744.2,BD,T8.5,,24.08,7.375,1,
2MASSW J1507476-162738,2MASSW J1507476-162738,BD,L5.5,17.951569,,7.41,1,
HD 4628,HD 4628,*,K2.5,5.467689,,7.435,1,
bet Hyi,bet Hyi,*,G2,2.6807318,,7.478,1,
WISE J200050.19+362950.1,WISE J200050.19+362950.1,BD,T8,,24.41,7.496,1,
G 203-47 A,G 203-47,LM,M3.5,10.453175,,7.599,2,
G 203-47 B,G 203-47,WD?,,,,7.599,2,
alf PsA A,alf PsA,*,A4,,1.19,7.704,3,
alf PsA B,alf PsA,*,K4,6.0918646,,7.602,3,
alf PsA C,alf PsA,LM,M4e,11.129232,,7.676,3,
GJ 53 A,mu. Cas,*,G5,4.9480124,,7.675,2,
GJ 53 B,mu. Cas,LM,M4?,,10.55,7.675,2,
VX Ari,VX Ari,LM,M3,9.467294,,7.681,1,
G 141-36,G 141-36,LM,M5,12.296879,,7.617,1,
BD+11 2576,BD+11 2576,LM,M1e,8.205292,,7.628,1,BD+11 2576 b
WISE J173835.53+273259.0,WISE J173835.53+273259.0,BD,Y0,,24.46,7.639,1,
G 258-33,G 258-33,LM,M4.5,11.911708,,7.642,1,
107 Psc,107 Psc,*,K0,4.99968,,7.644,1,
WISEA J235402.79+024014.1,WISEA J235402.79+024014.1,BD,Y1,,24.42,7.657,1,
L 499-56,L 499-56,LM,M3,10.46742,,7.668,1,
alf Lyr,alf Lyr,*,A0,,0.98,7.679,1,
AN Sex,AN Sex,LM,M1.5,8.331761,,7.707,1,
HD 157881,HD 157881,*,K7,6.934473,,7.713,1,
SIPS J1259-4336,SIPS J1259-4336,LM,M8,14.83373,,7.726,1,
LP 881-64 A,LP 881-64,LM,M5.5,13.158741,,7.733,3,
LP 881-64 B,LP 881-64,LM,M9.5,,15.32,7.733,3,
LP 881-64 C,LP 881-64,LM,L0,,15.76,7.733,3,
G 192-13,G 192-13,LM,M4e,10.417205,,7.734,1,
HD 165222,HD 165222,LM,M0,8.519395,,7.739,1,
G 109-35,G 109-35,LM,M5,12.776403,,7.753,1,
G 227-22,G 227-22,LM,M5,11.758081,,7.794,1,
WISEP J180026.60+013453.1,WISEP J180026.60+013453.1,BD,L7.5,19.574926,,7.809,1,
GJ 623 A,G 202-45,LM,M3e,9.2536,,7.844,2,
GJ 623 B,G 202-45,LM?,,,,7.844,2,
CD-68 47 A,CD-68 47,LM,M2.5,8.74208,,7.88,2,
CD-68 47 B,CD-68 47,LM?,,,,7.88,2,
WISE J000517.48+373720.5,WISE J000517.48+373720.5,BD,T9,,25.26,7.88,1,
2MASS J07290002-3954043,2MASS J07290002-3954043,BD,T8pec,,24.49,7.918,1,
G 154-44,G 154-44,LM,M4e,11.863026,,7.971,1,
SCR J0740-4257,SCR J0740-4257,LM,M4.5,12.030774,,7.981,1,
GJ 831 A,Wolf 922,LM,M4.5,10.4711,,7.981,2,
GJ 831 B,Wolf 922,LM?,,,,7.981,2,
pi.03 Ori,pi.03 Ori,*,F6,3.0879216,,8.024,1,
CD-44 3045 A,CD-44 3045,LM,M3,10.418207,,8.028,2,
CD-44 3045 B,CD-44 3045,LM,M3,10.381962,,8.041,2,
GJ 1151,G 122-49,LM,M4.5,11.684706,,8.043,1,
L 399-68,L 399-68,LM,M3,10.983478,,8.052,1,
chi Dra A,chi Dra,*,F7,3.3877,,8.057,2,
chi Dra B,chi Dra,*,K0,,4.66,8.057,2,
GJ 486,Wolf 437,LM,M3.5e,10.105141,,8.079,1,GJ 486 b
2MASSW J2148162+400359,2MASSW J2148162+400359,BD,L7,19.818087,,8.086,1,
G 262-15,G 262-15,LM,M2.5,9.43527,,8.087,1,
G 13-22,G 13-22,LM,M4.5e,11.828689,,8.088,1,
L 674-15,L 674-15,LM,M3.5,10.67168,,8.117,1,
EGGR 290,EGGR 290,WD,DA8P,13.967377,,8.117,1,
2MASS J00345157+0523050,2MASS J00345157+0523050,BD,T6.5,,24.88,8.418,1,
IRAS 21500+5903,TYC 3980-1081-1,LM,M2?,9.408596,,8.126,2,
UCAC4 747-070768,TYC 3980-1081-1,WD,DAH,14.373105,,8.463,2,
GJ 686,BD+18 3421,LM,M1.5e,8.74288,,8.16,1,GJ 686 b
LAWD 26,LAWD 26,WD,DA,13.777515,,8.169,1,
UGPS J052127.27+364048.6,UGPS J052127.27+364048.6,BD,T8.5,,24.51,8.183,1,
GJ 66 A,p Eri,*,K2,5.6254873,,8.196,2,
GJ 66 B,p Eri,*,K2,5.5083017,,8.189,2,
L 173-19,L 173-19,LM,M2,10.557133,,8.216,1,
HD 217357,HD 217357,*,K7,7.259579,,8.232,1,
Ross 318,Ross 318,LM,M3e,8.941875,,8.233,1,
WISE J115013.85+630241.5,WISE J115013.85+630241.5,BD,T8,,25.02,8.237,1,
LAWD 96,LAWD 96,WD,DAP,12.895188,,8.332,1,
mu. Her Aa,mu. Her,*,G5,3.2384055,,8.339,4,
mu. Her Ab,mu. Her,LM,M4,9.58592,,8.306,4,
mu. Her B,mu. Her,LM,M3.5,9.184961,,8.341,4,
mu. Her C,mu. Her,LM?,,,,8.341,4,
GJ 747 A,G 207-16,LM,M3.5e,10.45,,8.319,2,
GJ 747 B,G 207-16,LM?,,,,8.319,2,
Wolf 489,Wolf 489,WD,DA,14.37472,,8.35,1,
2MASS J03480772-6022270,2MASS J03480772-6022270,BD,T7,,24.46,8.326,1,
G 227-29,G 227-29,LM,M4,11.824005,,8.351,1,
G 130-4,G 130-4,LM,M4,11.167953,,8.363,1,
SCR J1546-5534 A,SCR J1546-5534,LM,M8,14.632,,8.397,2,
SCR J1546-5534 B,SCR J1546-5534,BD,T6,,21.11,8.397,2,
HD 32450 A,HD 32450,LM,M0,7.7924075,,8.363,2,
HD 32450 B,HD 32450,LM?,,9.636776,,8.416,2,
SCR J1138-7721,SCR J1138-7721,LM,M5,12.816201,,8.379,1,
bet CVn,bet CVn,*,G0,4.094672,,8.473,1,
Ross 64,Ross 64,LM,M4,11.662542,,8.494,1,
CD-37 10765 A,CD-37 10765,LM,M3,9.495382,,8.513,2,
CD-37 10765 B,CD-37 10765,LM,M5,12.898023,,8.498,2,
CD-32 5613,CD-32 5613,WD,DA5.5,11.822395,,8.518,1,
61 Vir,61 Vir,*,G7,4.5325284,,8.534,1,61 Vir b;61 Vir c;61 Vir d
EGGR 453,EGGR 453,WD,DZ13,15.421229,,8.537,1,
Wolf 461,Wolf 461,LM,M4.5e,11.772939,,8.545,1,
G 89-32 A,G 89-32,LM,M4.5,12.013,,8.576,2,
G 89-32 B,G 89-32,LM,M5,,11.68,8.576,2,
CWISEP J040235.55-265145.4,CWISEP J040235.55-265145.4,BD,>Y1?,,24.67,8.591,1,
L 49-19,L 49-19,LM,M3,9.292778,,8.597,1,
CD Cet,CD Cet,LM,M4.5e,12.101368,,8.601,1,CD Cet b
zet Tuc,zet Tuc,*,F9.5,4.07351,,8.607,1,
NLTT 40406,NLTT 40406,LM,M5.5,13.07033,,8.618,1,
LP 666-9,LP 666-9,LM,M9,15.888929,,8.659,1,
G 19-7,G 19-7,LM,M4,10.913422,,8.702,1,
AP Col,AP Col,LM,M5,11.112143,,8.666,1,
PM J11413-3624,PM J11413-3624,LM,M5,11.583742,,8.689,1,
chi01 Ori A,chi01 Ori,*,G0,4.241686,,8.699,2,
chi01 Ori B,chi01 Ori,LM?,,,,8.699,2,
LP 991-84,LP 991-84,LM,M4.5,12.568368,,8.726,1,
ksi UMa Aa,ksi UMa,*,F8.5,,3.61,8.735,5,
ksi UMa Ab,ksi UMa,LM,M3,,9.85,8.735,5,
ksi UMa Ba,ksi UMa,*,G2,4.640214,,8.735,5,
ksi UMa Bb,ksi UMa,*,K2-3,,5.75,8.735,5,
WISE J111838.70+312537.9,ksi UMa,BD,T8.5,,24.73,8.735,5,
LSPM J0036+1821,LSPM J0036+1821,BD,L3.5,17.521132,,8.736,1,
HD 50281 A,HD 50281,*,K3.5,6.231057,,8.745,3,
HD 50281 Ba,HD 50281,LM,M2,9.097528,,8.75,3,
HD 50281 Bb,HD 50281,LM?,,,,8.75,3,
MCC 135,MCC 135,LM,M1.5,8.854014,,8.765,1,
WISENF J193656.08+040801.2,WISENF J193656.08+040801.2,BD,Y0?,,24.72,8.78,1,
41 Ara Aa,41 Ara,*,G9,5.3014293,,8.791,3,
41 Ara Ba,41 Ara,LM,M0,7.987019,,8.827,3,
41 Ara Bb,41 Ara,LM?,,,,8.827,3,
GJ 791.2 A,HU Del,LM,M4.5,11.485415,,8.818,2,
GJ 791.2 B,HU Del,LM?,,,,8.818,2,
HD 192310,HD 192310,*,K2,5.48135,,8.812,1,HD 192310 b;HD 192310 c
GJ 849,BD-05 5715,LM,M3.5,9.237196,,8.815,1,GJ 849 b;GJ 849 c
GJ 745 A,GJ 745,LM,M2,9.814883,,8.83,2,
GJ 745 B,GJ 745,LM,M2,9.805328,,8.832,2,
L 32-8,IRAS 06355-7535,LM,M3,10.212167,,8.839,2,
L 32-9,IRAS 06355-7535,LM,M2,9.3847475,,8.839,2,
HD 32147,HD 32147,*,K3,5.886492,,8.844,1,
G 111-47,G 111-47,LM,M3.5,10.665649,,8.85,1,
GJ 867 A,GJ 867,LM,M2e,8.170376,,8.898,4,
GJ 867 B,GJ 867,LM,M3.5,10.21215,,8.851,4,
GJ 867 C,GJ 867,LM,,,,8.898,4,
GJ 867 D,GJ 867,BD?,,,,8.851,4,
Ross 695,Ross 695,LM,M2,10.290013,,8.875,1,
LEHPM 3396,LEHPM 3396,LM,M9,15.837138,,8.88,1,
SCR J0630-7643 A,SCR J0630-7643,LM?,,13.215869,,8.876,2,
SCR J0630-7643 B,SCR J0630-7643,LM?,,13.44563,,8.881,2,
2MASSI J0727182+171001,2MASSI J0727182+171001,BD,T8,,24.79,8.889,1,
GJ 216 A,gam Lep,*,F6.5,3.476823,,8.905,2,
GJ 216 B,gam Lep,*,K2.5,5.868166,,8.892,2,
G 113-20,G 113-20,LM,M2,9.133169,,8.939,1,
G 193-27 A,G 193-27,LM,M5e,11.699139,,9.023,2,
G 193-27 B,G 193-27,LM?,,,,9.023,2,
SZ UMa A,SZ UMa,LM,M1,8.527628,,9.072,1,
GJ 433,CD-31 9113,LM,M2,8.896746,,9.077,1,GJ 433 b;GJ 433 c;GJ 433 d
del Eri,del Eri,*,K0,3.2755666,,9.089,1,
HD 115953 Aa,HD 115953,LM,M2,8.039557,,9.092,3,
HD 115953 Ab,HD 115953,LM?,,,,9.092,3,
HD 115953 B,HD 115953,LM?,,8.96527,,9.092,3,
LP 469-206,LP 469-206,LM,M5e,13.555757,,9.095,1,
EGGR 246,EGGR 246,WD,DQ9,14.297183,,9.097,1,
V374 Peg,V374 Peg,LM,M3.5e,10.6348,,9.103,1,
2MASS J06523073+4710348,2MASS J06523073+4710348,BD,L4.5,18.807192,,9.11,1,
WT 460 A,WT 460,LM,M5.5e,13.419059,,9.113,2,
WT 460 B,WT 460,LM,L1,,18.63,9.113,2,
kap01 Cet,kap01 Cet,*,G5,4.6564903,,9.276,1,
ULAS J141623.94+134836.3,2MASS J14162408+1348263,BD,T7.5,,24.8,9.116,2,
2MASS J14162408+1348263,2MASS J14162408+1348263,BD,L6,18.35384,,9.282,2,
GJ 283 A,GJ 283,WD,DZA,12.970207,,9.145,2,
GJ 283 B,GJ 283,LM,M6.5e,13.95689,,9.153,2,
WISE J071322.55-291751.9,WISE J071322.55-291751.9,BD,Y0,,24.82,9.149,1,
2MASS J03552337+1133437,2MASS J03552337+1133437,BD,L5.5,19.560682,,9.163,1,
WISEP J213456.73-713743.6,WISEP J213456.73-713743.6,BD,T9pec,,24.81,9.166,1,
HD 103095,CF UMa,*,K1,6.1985016,,9.172,1,
Ross 1015,Ross 1015,LM,M3.5,10.71994,,9.192,1,
bet Com,bet Com,*,G0,4.093279,,9.198,1,
2MASS J17502484-0016151 A,2MASS J17502484-0016151,BD,L5.5,18.294,,9.21,2,
2MASS J17502484-0016151 B,2MASS J17502484-0016151,BD?,,,,9.21,2,
WISEP J232519.54-410534.9,WISEP J232519.54-410534.9,BD,T9pec,,24.84,9.225,1,
L 737-9 A,L 737-9,LM,M3.5,9.05489,,9.231,2,
L 737-9 B,L 737-9,LM?,,,,9.231,2,
LP 776-46,LP 776-46,LM,M3,10.561693,,9.236,1,
LP 469-67,LP 469-67,LM,M5.5,13.43526,,9.237,1,
gam Pav,gam Pav,*,F9,4.0891333,,9.258,1,
G 112-50,G 112-50,LM,M4.5,11.653467,,9.272,1,
HD 102365 A,HD 102365,*,G2,4.701676,,9.319,2,HD 102365 A b
HD 102365 B,HD 102365,LM,M4,11.724745,,9.309,2,
WISE J121756.90+162640.8 A,WISE J121756.90+162640.8,BD,T9,,24.73,9.311,2,
WISE J121756.90+162640.8 B,WISE J121756.90+162640.8,BD,Y0,,24.73,9.311,2,
2MASS J00113182+5908400,2MASS J00113182+5908400,LM,M5.5,13.467986,,9.312,1,
BD-18 359 A,BD-18 359,LM,M3,9.17051,,9.32,2,
BD-18 359 B,BD-18 359,LM?,,,,9.32,2,
2MASS J18212815+1414010,2MASS J18212815+1414010,BD,L5,18.677876,,9.343,1,
2MASSI J0340094-672405,2MASS J03400942-6724051,BD,L7,20.07103,,9.358,1,
Ross 837,Ross 837,LM,M3.5,11.051151,,9.36,1,
WISEPA J045853.89+643452.9 A,WISEPA J045853.89+643452.9,BD,T8.5,,24.86,9.372,2,
WISEPA J045853.89+643452.9 B,WISEPA J045853.89+643452.9,BD,T9.5,,24.86,9.372,2,
CD-30 731,CD-30 731,LM,M2.5,11.050699,,9.38,1,
EGGR 41,EGGR 41,WD,DQ8,13.600672,,9.404,1,
WISEA J193054.55-205949.4,WISEA J193054.55-205949.4,BD,>Y1,,24.26,9.407,1,
CD-45 5378,CD-45 5378,LM,M1,9.158753,,9.419,1,GJ 367 b
GJ 357,L 678-39,LM,M2.5,9.891662,,9.436,1,GJ 357 b;GJ 357 c;GJ 357 d
1RXS J115928.5-524717,1RXS J115928.5-524717,LM,M9e,16.039259,,9.46,1,
G 222-11,G 222-11,LM,M2,9.470075,,9.462,1,
UCAC4 379-100760,UCAC4 379-100760,LM,M5.5,13.255206,,9.477,1,
GJ 176,HD 285968,LM,M2,9.004439,,9.485,1,GJ 176 b
CD-51 6859,CD-51 6859,LM,M3e,9.565008,,9.492,1,
GJ 3512,G 234-45,LM,M5.5,13.082282,,9.497,1,GJ 3512 b;GJ 3512 c
BPS CS 22879-0089 A,BPS CS 22879-0089,LM?,,11.829141,,9.51,2,
BPS CS 22879-0089 B,BPS CS 22879-0089,LM?,,,,9.51,2,
L 35-12,L 35-12,LM,M4.5,11.5566025,,9.521,1,
G 192-15,G 192-15,LM,M5,12.681532,,9.528,1,
G 144-25,G 144-25,LM,M4.5,11.837387,,9.531,1,
BD+43 2796,BD+43 2796,LM,M2.5,9.450096,,9.532,1,
G 42-24,G 42-24,LM,M4e,12.36353,,9.545,1,
HD 100623 A,20 Crt,*,K0,5.7383237,,9.559,2,
HD 100623 B,20 Crt,WD,DC,14.548313,,9.555,2,
Wolf 1069,Wolf 1069,LM,M5,12.352267,,9.575,1,Wolf 1069 b
61 UMa,61 UMa,*,G8,5.1109953,,9.576,1,
PM J20502-3424,PM J20502-3424,LM,M5e,12.0486,,9.603,1,
CD-40 5404,CD-40 5404,LM,M3,9.631405,,9.607,1,
WISE J114156.71-332635.8,WISE J114156.71-332635.8,BD,Y0,,24.88,9.615,1,
Wolf 227 A,Wolf 227,LM,M5,12.176142,,9.662,2,
Wolf 227 B,Wolf 227,BD?,,,,9.662,2,
2MASS J14053729+8350248,2MASS J14053729+8350248,BD,L8,20.13834,,9.667,1,
G 161-7 A,G 161-7,LM,M5,12.005,,9.678,2,
G 161-7 B,G 161-7,LM,M5,,11.94,9.678,2,
CD-48 11837 A,CD-48 11837,LM,M3,9.293614,,9.68,2,
CD-48 11837 B,CD-48 11837,LM?,,11.613846,,9.69,2,
CFBDS J005910-011401,CFBDS J005910-011401,BD,T9,,24.83,9.69,1,
L 768-119 A,L 768-119,LM,M3,10.685861,,9.692,2,
L 768-119 B,L 768-119,BD?,,,,9.692,2,
AT Mic A,AT Mic,LM,M4.5,9.575837,,9.921,3,
AT Mic B,AT Mic,LM,M4,9.605488,,9.807,3,
AU Mic,AT Mic,LM,M0.5,7.8434396,,9.714,3,AU Mic b
G 268-110,G 268-110,LM,M5,12.697248,,9.777,1,
G 48-20,G 48-20,LM,M3.5e,10.501792,,9.91,1,
L 88-59,L 88-59,WD,DA8.1,13.696558,,9.717,1,
WISE J223617.59+510551.9,WISE J223617.59+510551.9,BD,T5.5,,21.32,9.728,1,
2MASS J20304235+0749358,2MASS J20304235+0749358,BD,T1.5,20.16071,,9.728,1,
G 119-36 A,G 119-36,LM,M5,11.625256,,9.732,2,
G 119-36 B,G 119-36,LM?,,,,9.732,2,
2MASS J02572581-3105523,2MASS J02572581-3105523,BD,L8.5,19.913662,,9.737,1,
WISE J111239.24-385700.7,WISE J111239.24-385700.7,BD,T9,,24.94,9.747,1,
LP 655-48,LP 655-48,LM,M6e,14.904285,,9.747,1,
GJ 436,Ross 905,LM,M2.5,9.582008,,9.775,1,GJ 436 b
2MASSW J1515008+484742,2MASSW J1515008+484742,BD,L6,19.267273,,9.807,1,
HD 151288,HD 151288,*,K5,7.4861526,,9.846,1,
BD+61 195,BD+61 195,LM,M1.5,8.671337,,9.86,2,BD+61 195 b
BD+61 195 B,BD+61 195,LM,M5,11.927245,,9.865,2,
GJ 22 A,BD+66 34,LM,M2,9.566636,,9.893,3,
GJ 22 B,BD+66 34,LM,M3,11.106811,,9.96,3,
GJ 22 C,BD+66 34,LM,M4,,11.1,9.893,3,
12 Oph,12 Oph,*,K1,5.5535517,,9.894,1,
UPM J0815-2344 A,UPM J0815-2344,LM?,,11.059386,,9.897,1,
G 203-42,G 203-42,LM,M5,11.981026,,9.908,1,
HD 232979,HD 232979,LM,M0,7.9525313,,9.909,1,
G 160-28,G 160-28,LM,M3.5,11.477213,,9.928,1,
GJ 1230 A,G 184-19,LM,M5e,10.725493,,9.932,3,
GJ 1230 B,G 184-19,LM,M4.5e,12.936422,,9.945,3,
GJ 1230 C,G 184-19,LM,,,,9.932,3,
BD+16 2708 A,BD+16 2708,LM,M1,9.123367,,9.948,3,
BD+16 2708 Ba,BD+16 2708,LM,M8.5,15.324711,,9.948,3,
BD+16 2708 Bb,BD+16 2708,BD,M9,,15.43,9.948,3,
L 403-31,L 403-31,LM,M5e,11.695198,,9.94,1,
LP 98-79,LP 98-79,LM,M6.5,14.843737,,9.969,1,
WISE J182831.08+265037.7,WISE J182831.08+265037.7,BD,>= Y2,,24.99,9.97,1,
G 36-24,G 36-24,LM,M3.5e,11.529306,,9.985,1,
HD 260655,HD 260655,LM,M0e,8.878268,,9.998,1,HD 260655 b;HD 260655 c
CWISEP J225628.97+400227.3,CWISEP J225628.97+400227.3,BD,Y?,,est,9.5,1,
CWISEP J181006.00-101001.1,CWISEP J181006.00-101001.1,BD,esdT0,,est,8.9,1,
