planet,host,mass_earth,mass_type,period_d,a_AU,instellation_Searth,host_Teff,HZ_inner_S,HZ_outer_S,discovery_method,transiting,in_NASA_2026,NASA_controversial,parameter_source
Proxima Cen b,Proxima Cen,1.055,Msini,11.18465,0.04848,0.641,2900.0,0.92,0.23,Radial Velocity,False,True,0,NASA Exoplanet Archive PSCompPars (2026 mirror)
HD 95735 b,HD 95735,2.69,Msini,12.9394,0.07879,3.13,3719.0,0.937,0.254,Radial Velocity,False,True,0,NASA Exoplanet Archive PSCompPars (2026 mirror)
HD 95735 c,HD 95735,13.6,Msini,2946.0,2.94,0.0023,3719.0,0.937,0.254,Radial Velocity,False,True,0,NASA Exoplanet Archive PSCompPars (2026 mirror)
eps Eri b,eps Eri,317.828,Mass,2680.0,3.53,0.0306,5020.38,1.018,0.311,Radial Velocity,False,True,0,NASA Exoplanet Archive PSCompPars (2026 mirror)
GJ 887 b,GJ 887,3.9,Msini,9.2619,0.0683,7.8,3688.0,0.937,0.253,Radial Velocity,False,True,0,NASA Exoplanet Archive PSCompPars (2026 mirror)
GJ 887 c,GJ 887,6.5,Msini,21.784,0.121,2.5,3688.0,0.937,0.253,Radial Velocity,False,True,0,NASA Exoplanet Archive PSCompPars (2026 mirror)
Ross 128 b,Ross 128,1.4,Msini,9.8658,0.0496,1.38,3192.0,0.925,0.238,Radial Velocity,False,True,0,NASA Exoplanet Archive PSCompPars (2026 mirror)
GJ 15 A b,GJ 15 A,3.03,Msini,11.4407,0.072,4.2691,3607.0,0.934,0.25,Radial Velocity,False,True,1,NASA Exoplanet Archive PSCompPars (2026 mirror)
GJ 15 A c,GJ 15 A,36.0,Msini,7600.0,5.4,0.0008,3607.0,0.934,0.25,Radial Velocity,False,True,0,NASA Exoplanet Archive PSCompPars (2026 mirror)
eps Ind A b,eps Ind A,2065.885,Mass,25450.0,15.76,0.001,4700.0,0.989,0.295,Radial Velocity,False,True,0,NASA Exoplanet Archive PSCompPars (2026 mirror)
GJ 1061 b,GJ 1061,1.11,Mass,3.2073,0.021,3.8,2953.0,0.921,0.232,Radial Velocity,False,True,0,NASA Exoplanet Archive PSCompPars (2026 mirror)
GJ 1061 c,GJ 1061,1.81,Mass,6.6821,0.0342,1.4,2953.0,0.921,0.232,Radial Velocity,False,True,0,NASA Exoplanet Archive PSCompPars (2026 mirror)
GJ 1061 d,GJ 1061,1.67,Mass,13.066,0.054,0.6,2953.0,0.921,0.232,Radial Velocity,False,True,0,NASA Exoplanet Archive PSCompPars (2026 mirror)
YZ Cet b,YZ Cet,0.7,Msini,2.02087,0.01634,8.21,3151.0,0.925,0.237,Radial Velocity,False,True,0,NASA Exoplanet Archive PSCompPars (2026 mirror)
YZ Cet c,YZ Cet,1.14,Msini,3.05989,0.02156,4.72,3151.0,0.925,0.237,Radial Velocity,False,True,0,NASA Exoplanet Archive PSCompPars (2026 mirror)
YZ Cet d,YZ Cet,1.09,Msini,4.65626,0.02851,2.7,3151.0,0.925,0.237,Radial Velocity,False,True,0,NASA Exoplanet Archive PSCompPars (2026 mirror)
GJ 273 b,GJ 273,2.89,Msini,18.6498,0.091101,1.06,3382.0,0.929,0.243,Radial Velocity,False,True,0,NASA Exoplanet Archive PSCompPars (2026 mirror)
GJ 273 c,GJ 273,1.18,Msini,4.7234,0.036467,6.66,3382.0,0.929,0.243,Radial Velocity,False,True,0,NASA Exoplanet Archive PSCompPars (2026 mirror)
Teegarden's Star b,Teegarden's Star,1.16,Msini,4.90634,0.0259,1.08,3034.0,0.923,0.234,Radial Velocity,False,True,0,NASA Exoplanet Archive PSCompPars (2026 mirror)
Teegarden's Star c,Teegarden's Star,1.05,Msini,11.416,0.0455,0.35,3034.0,0.923,0.234,Radial Velocity,False,True,0,NASA Exoplanet Archive PSCompPars (2026 mirror)
Wolf 1061 b,Wolf 1061,1.91,Msini,4.8869,0.0375,7.34,3342.0,0.928,0.242,Radial Velocity,False,True,0,NASA Exoplanet Archive PSCompPars (2026 mirror)
Wolf 1061 c,Wolf 1061,3.41,Msini,17.8719,0.089,1.3,3342.0,0.928,0.242,Radial Velocity,False,True,0,NASA Exoplanet Archive PSCompPars (2026 mirror)
Wolf 1061 d,Wolf 1061,7.7,Msini,217.21,0.47,0.06,3342.0,0.928,0.242,Radial Velocity,False,True,0,NASA Exoplanet Archive PSCompPars (2026 mirror)
GJ 9066 b,GJ 9066,30.899,Msini(OEC),241.883,0.403,0.0148,3154.0,0.925,0.237,RV,False,False,,Open Exoplanet Catalogue; S computed R*^2 Teff^4 / a^2
GJ 9066 c,GJ 9066,66.744,Msini,771.36,0.88,0.0033,3154.0,0.925,0.237,Radial Velocity,False,True,0,NASA Exoplanet Archive PSCompPars (2026 mirror)
GJ 687 b,GJ 687,17.2,Msini,38.142,0.163,0.801,3413.0,0.93,0.244,Radial Velocity,False,True,0,NASA Exoplanet Archive PSCompPars (2026 mirror)
GJ 674 b,GJ 674,11.09,Msini,4.6938,0.039,10.5165,3600.0,0.934,0.25,Radial Velocity,False,True,0,NASA Exoplanet Archive PSCompPars (2026 mirror)
GJ 876 b,GJ 876,723.223,Mass,61.1166,0.208317,0.2857,3293.74,0.927,0.241,Radial Velocity,False,True,0,NASA Exoplanet Archive PSCompPars (2026 mirror)
GJ 876 c,GJ 876,226.985,Mass,30.0881,0.12959,0.7384,3293.74,0.927,0.241,Radial Velocity,False,True,0,NASA Exoplanet Archive PSCompPars (2026 mirror)
GJ 876 d,GJ 876,6.83,Mass,1.93778,0.02080665,28.6429,3293.74,0.927,0.241,Radial Velocity,False,True,0,NASA Exoplanet Archive PSCompPars (2026 mirror)
GJ 876 e,GJ 876,14.6,Mass,124.26,0.3343,0.111,3293.74,0.927,0.241,Radial Velocity,False,True,0,NASA Exoplanet Archive PSCompPars (2026 mirror)
GJ 832 b,GJ 832,314.65,Mass,3853.0,3.7,0.0019,3472.0,0.931,0.246,Radial Velocity,False,True,0,NASA Exoplanet Archive PSCompPars (2026 mirror)
GJ 832 c,GJ 832,4.999,Msini(OEC),35.67,0.162,0.9727,3472.0,0.931,0.246,RV,False,False,,Open Exoplanet Catalogue; S computed R*^2 Teff^4 / a^2
GJ 682 b,GJ 682,4.4,Msini,17.478,0.08,0.3125,3028.0,0.922,0.234,Radial Velocity,False,True,0,NASA Exoplanet Archive PSCompPars (2026 mirror)
GJ 682 c,GJ 682,8.7,Msini,57.32,0.176,0.0646,3028.0,0.922,0.234,Radial Velocity,False,True,0,NASA Exoplanet Archive PSCompPars (2026 mirror)
GJ 3323 b,GJ 3323,2.02,Msini,5.3636,0.03282,2.58,3159.0,0.925,0.237,Radial Velocity,False,True,0,NASA Exoplanet Archive PSCompPars (2026 mirror)
GJ 3323 c,GJ 3323,2.31,Msini,40.54,0.1264,0.17,3159.0,0.925,0.237,Radial Velocity,False,True,0,NASA Exoplanet Archive PSCompPars (2026 mirror)
GJ 251 b,GJ 251,3.85,Msini,14.237,0.0808,2.37,3342.0,0.928,0.242,Radial Velocity,False,True,0,NASA Exoplanet Archive PSCompPars (2026 mirror)
GJ 229 A b,GJ 229 A,14.938,Msini,579.47495,1.086,0.0237,3564.0,0.933,0.249,Radial Velocity,False,True,1,NASA Exoplanet Archive PSCompPars (2026 mirror)
GJ 229 A c,GJ 229 A,8.581,Msini,121.93268,0.384,0.1899,3564.0,0.933,0.249,Radial Velocity,False,True,1,NASA Exoplanet Archive PSCompPars (2026 mirror)
GJ 752 A b,GJ 752 A,12.2,Msini(lit),105.915,0.3357,0.283,3558,0.933,0.249,Radial Velocity,False,False,,"Kaminski et al. 2018, A&A 618, A115 (m sin i, P, a); host Teff/R from same paper; S computed R*^2 Teff^4 / a^2"
HD 20794 b,HD 20794,2.7,Msin(i)/sin(i),18.314,0.1257,43.4733,5368.0,1.055,0.331,Radial Velocity,False,True,0,NASA Exoplanet Archive PSCompPars (2026 mirror)
HD 20794 d,HD 20794,4.8,Msin(i)/sin(i),89.68,0.3625,5.2273,5368.0,1.055,0.331,Radial Velocity,False,True,0,NASA Exoplanet Archive PSCompPars (2026 mirror)
GJ 581 b,GJ 581,20.5,Mass,5.3686,0.0399,7.7669,3500.0,0.932,0.247,Radial Velocity,False,True,0,NASA Exoplanet Archive PSCompPars (2026 mirror)
GJ 581 c,GJ 581,6.81,Mass,12.9211,0.0718,2.3985,3500.0,0.932,0.247,Radial Velocity,False,True,0,NASA Exoplanet Archive PSCompPars (2026 mirror)
GJ 581 e,GJ 581,2.48,Mass,3.1481,0.02799,15.783,3500.0,0.932,0.247,Radial Velocity,False,True,0,NASA Exoplanet Archive PSCompPars (2026 mirror)
GJ 338 B b,GJ 338 B,10.6,Msini,24.422,0.142,3.9278,4014.0,0.948,0.265,Radial Velocity,False,True,0,NASA Exoplanet Archive PSCompPars (2026 mirror)
GJ 625 b,GJ 625,2.82,Msini,14.628,0.078361,2.0787,3499.0,0.932,0.247,Radial Velocity,False,True,0,NASA Exoplanet Archive PSCompPars (2026 mirror)
HD 219134 b,HD 219134,4.74,Mass,3.092926,0.03876,176.2,4699.0,0.989,0.295,Radial Velocity,True,True,0,NASA Exoplanet Archive PSCompPars (2026 mirror)
HD 219134 c,HD 219134,4.36,Mass,6.76458,0.0653,62.1,4699.0,0.989,0.295,Radial Velocity,True,True,0,NASA Exoplanet Archive PSCompPars (2026 mirror)
HD 219134 d,HD 219134,16.17,Mass,46.859,0.237,4.72,4699.0,0.989,0.295,Radial Velocity,False,True,0,NASA Exoplanet Archive PSCompPars (2026 mirror)
HD 219134 f,HD 219134,7.3,Mass,22.717,0.1463,12.38,4699.0,0.989,0.295,Radial Velocity,False,True,1,NASA Exoplanet Archive PSCompPars (2026 mirror)
LTT 1445 A b,BD-17 588 A,2.73,Mass,5.3587635,0.0381,5.7,3562.0,0.933,0.249,Transit,True,True,0,NASA Exoplanet Archive PSCompPars (2026 mirror)
LTT 1445 A c,BD-17 588 A,1.54,Mass,3.1239035,0.02661,10.9,3340.0,0.928,0.242,Transit,True,True,0,NASA Exoplanet Archive PSCompPars (2026 mirror)
BD+01 2447 b,BD+01 2447,1.71,Msini,7.02679,0.05402,9.21,3579.0,0.934,0.249,Radial Velocity,False,True,0,NASA Exoplanet Archive PSCompPars (2026 mirror)
GJ 667 C b,GJ 667 C,5.68,Msini,7.203,0.050431,5.3902,3350.0,0.929,0.243,Radial Velocity,False,True,0,NASA Exoplanet Archive PSCompPars (2026 mirror)
GJ 667 C c,GJ 667 C,3.8,Msini,28.14,0.125,0.8774,3350.0,0.929,0.243,Radial Velocity,False,True,0,NASA Exoplanet Archive PSCompPars (2026 mirror)
BD+11 2576 b,BD+11 2576,5.2,Msini,140.43,0.422,0.28,3728.0,0.938,0.254,Radial Velocity,False,True,0,NASA Exoplanet Archive PSCompPars (2026 mirror)
GJ 486 b,GJ 486,2.77,Mass,1.46712127,0.01714,39.2,3317.0,0.928,0.242,Radial Velocity,True,True,0,NASA Exoplanet Archive PSCompPars (2026 mirror)
GJ 686 b,GJ 686,6.624,Msini,15.53,0.091,3.5638,3656.0,0.936,0.252,Radial Velocity,False,True,0,NASA Exoplanet Archive PSCompPars (2026 mirror)
61 Vir b,61 Vir,5.1,Msini,4.215,0.050201,318.8418,5577.0,1.081,0.344,Radial Velocity,False,True,0,NASA Exoplanet Archive PSCompPars (2026 mirror)
61 Vir c,61 Vir,18.2,Msini,38.021,0.2175,16.9856,5577.0,1.081,0.344,Radial Velocity,False,True,0,NASA Exoplanet Archive PSCompPars (2026 mirror)
61 Vir d,61 Vir,22.9,Msini,123.01,0.476,3.5464,5577.0,1.081,0.344,Radial Velocity,False,True,0,NASA Exoplanet Archive PSCompPars (2026 mirror)
CD Cet b,CD Cet,3.95,Msini,2.2907,0.0185,8.6,3130.0,0.924,0.236,Radial Velocity,False,True,0,NASA Exoplanet Archive PSCompPars (2026 mirror)
HD 192310 b,HD 192310,16.9,Msin(i)/sin(i),74.72,0.32,3.7598,5166.0,1.033,0.319,Radial Velocity,False,True,0,NASA Exoplanet Archive PSCompPars (2026 mirror)
HD 192310 c,HD 192310,24.0,Msin(i)/sin(i),525.8,1.18,0.2765,5166.0,1.033,0.319,Radial Velocity,False,True,0,NASA Exoplanet Archive PSCompPars (2026 mirror)
GJ 849 b,GJ 849,283.821,Msini,1925.31,2.32,0.0048,3467.0,0.931,0.246,Radial Velocity,False,True,0,NASA Exoplanet Archive PSCompPars (2026 mirror)
GJ 849 c,GJ 849,314.65,Msini,5990.0,4.95,0.001,3467.0,0.931,0.246,Radial Velocity,False,True,0,NASA Exoplanet Archive PSCompPars (2026 mirror)
GJ 433 b,GJ 433,6.043,Msini,7.3705,0.062,5.2029,3461.0,0.931,0.246,Radial Velocity,False,True,0,NASA Exoplanet Archive PSCompPars (2026 mirror)
GJ 433 c,GJ 433,32.422,Msini,5094.105,4.819,0.0009,3461.0,0.931,0.246,Radial Velocity,False,True,0,NASA Exoplanet Archive PSCompPars (2026 mirror)
GJ 433 d,GJ 433,5.223,Msini,36.059,0.178,0.6312,3461.0,0.931,0.246,Radial Velocity,False,True,0,NASA Exoplanet Archive PSCompPars (2026 mirror)
HD 102365 A b,HD 102365 A,15.891,Msini(OEC),122.1,0.46,3.9987,5650.0,1.09,0.348,RV,False,False,,Open Exoplanet Catalogue; host radius 0.96 Rsun adopted (classification insensitive: S>>HZ inner edge for any R>0.4); S computed R*^2 Teff^4 / a^2
GJ 367 b,CD-45 5378,0.503,Mass,0.3219226,0.0071,579.0,3535.0,0.933,0.248,Transit,True,True,0,NASA Exoplanet Archive PSCompPars (2026 mirror)
GJ 357 b,GJ 357,1.83,Mass,3.9306,0.036,12.6,3505.0,0.932,0.247,Transit,True,True,0,NASA Exoplanet Archive PSCompPars (2026 mirror)
GJ 357 c,GJ 357,3.4,Msini,9.1247,0.061,4.45,3505.0,0.932,0.247,Radial Velocity,False,True,0,NASA Exoplanet Archive PSCompPars (2026 mirror)
GJ 357 d,GJ 357,6.1,Msini,55.661,0.204,0.38,3505.0,0.932,0.247,Radial Velocity,False,True,0,NASA Exoplanet Archive PSCompPars (2026 mirror)
GJ 176 b,GJ 176,8.391,Msini(OEC),8.7836,0.066,8.9193,3520.0,0.932,0.248,RV,False,False,,Open Exoplanet Catalogue; S computed R*^2 Teff^4 / a^2
GJ 3512 b,GJ 3512,146.519,Msini,203.109,0.3376,0.0138,3141.0,0.925,0.237,Radial Velocity,False,True,0,NASA Exoplanet Archive PSCompPars (2026 mirror)
GJ 3512 c,GJ 3512,143.976,Msini,2354.0,1.731,0.0005,3141.0,0.925,0.237,Radial Velocity,False,True,0,NASA Exoplanet Archive PSCompPars (2026 mirror)
Wolf 1069 b,Wolf 1069,1.26,Msini,15.564,0.0672,0.652,3158.0,0.925,0.237,Radial Velocity,False,True,0,NASA Exoplanet Archive PSCompPars (2026 mirror)
AU Mic b,AU Mic,8.99,Mass,8.463446,0.07,21.2,3540.0,0.933,0.248,Transit,True,True,0,NASA Exoplanet Archive PSCompPars (2026 mirror)
GJ 436 b,GJ 436,22.1,Mass,2.64388312,0.0291,29.4322,3586.11,0.934,0.25,Radial Velocity,True,True,0,NASA Exoplanet Archive PSCompPars (2026 mirror)
BD+61 195 b,BD+61 195,5.63,Msini,13.8508,0.0905,6.0291,3805.0,0.94,0.257,Radial Velocity,False,True,0,NASA Exoplanet Archive PSCompPars (2026 mirror)
HD 260655 b,HD 260655,2.14,Mass,2.76953,0.02933,42.2,3803.0,0.94,0.257,Transit,True,True,0,NASA Exoplanet Archive PSCompPars (2026 mirror)
HD 260655 c,HD 260655,3.09,Mass,5.70588,0.04749,16.1,3803.0,0.94,0.257,Transit,True,True,0,NASA Exoplanet Archive PSCompPars (2026 mirror)
